epoch,train_loss,val_loss,mape_pct,rmse_dollar,mae_dollar,max_abs_err_dollar,r2,lr
1,0.14110878549382358,0.03714143857359886,682860478464.0,0.8185029625892639,0.4749290645122528,6.175836563110352,0.9028394818305969,0.001
2,0.034271076645055215,0.011568000540137291,1170425905152.0,0.3981189429759979,0.22151803970336914,3.324197292327881,0.9770134091377258,0.001
3,0.021317857551851314,0.008400684222579002,1109222359040.0,0.35846924781799316,0.20583981275558472,3.1173553466796875,0.9813639521598816,0.001
4,0.016269436304061535,0.004854497965425253,385098940416.0,0.2563987672328949,0.1445140689611435,2.300046920776367,0.9904658794403076,0.001
5,0.013831797769728179,0.004943319130688906,618472407040.0,0.26078543066978455,0.1430034339427948,2.6025171279907227,0.9901368618011475,0.001
6,0.01137346955306248,0.003814960829913616,88049950720.0,0.2241012156009674,0.1278504729270935,1.9765148162841797,0.9927165508270264,0.001
7,0.009687385283421703,0.0030427423771470785,137993732096.0,0.19680586457252502,0.11565064638853073,1.9739055633544922,0.9943827390670776,0.001
8,0.008156677002566838,0.0030303378589451313,72430190592.0,0.2558676600456238,0.1422114074230194,2.169200897216797,0.9905053377151489,0.001
9,0.007806766939957342,0.004394277464598417,23245301760.0,0.3185447156429291,0.18379467725753784,2.571432113647461,0.9852839708328247,0.001
10,0.006953569011648415,0.0029752205591648817,80622313472.0,0.25378599762916565,0.14534282684326172,2.2632055282592773,0.9906591773033142,0.001
11,0.0059928350306735064,0.0016449796967208385,196986732544.0,0.16995544731616974,0.08993057161569595,1.9287347793579102,0.9958109259605408,0.001
12,0.005466011485285655,0.0023570512421429157,80230219776.0,0.25522732734680176,0.13811631500720978,2.227214813232422,0.9905527830123901,0.001
13,0.005146238388225971,0.0021256115287542343,52314570752.0,0.20687802135944366,0.12013956904411316,1.6406869888305664,0.9937930703163147,0.001
14,0.005130408282954982,0.001787561341188848,95210323968.0,0.1581953465938568,0.08752159029245377,1.491002082824707,0.9963705539703369,0.001
15,0.0044768922014195404,0.0023623835295438766,26366478336.0,0.1923031508922577,0.10530790686607361,1.6180486679077148,0.9946368336677551,0.001
16,0.004660085143387585,0.006632321514189243,18179956736.0,0.5060533285140991,0.2814805805683136,2.754453182220459,0.9628599882125854,0.001
17,0.004062103504917311,0.0015313125913962722,26564012032.0,0.2313825935125351,0.120817169547081,2.0173025131225586,0.992235541343689,0.001
18,0.003615912139237284,0.0018350067548453808,23041798144.0,0.18246281147003174,0.1027938649058342,1.6174240112304688,0.9951716661453247,0.001
19,0.0035599054981993433,0.0014285678043961525,49789718528.0,0.22485554218292236,0.11809957772493362,2.028815269470215,0.9926674365997314,0.001
20,0.002997084263528134,0.0009359296527691185,75780694016.0,0.12023870646953583,0.07127536088228226,1.3921403884887695,0.9979032874107361,0.001
21,0.0030282388296965397,0.000832214776892215,2475.42431640625,0.11854694038629532,0.061406105756759644,1.4212284088134766,0.9979618787765503,0.001
22,0.0027757894086043633,0.0008715502335689962,46584164352.0,0.13665835559368134,0.07433834671974182,1.438680648803711,0.9972915649414062,0.001
23,0.0026385859526348063,0.0013643646379932761,1460831.25,0.16931889951229095,0.0957629457116127,1.5781784057617188,0.9958422183990479,0.001
24,0.0026261218744023387,0.0007208752795122564,63857438720.0,0.10171923786401749,0.059881485998630524,1.1275577545166016,0.9984994530677795,0.001
25,0.0024424005776621446,0.0026539810933172703,7418093568.0,0.34561097621917725,0.1818409562110901,2.098689079284668,0.9826769232749939,0.001
26,0.002310201278915573,0.0008177942945621908,17933424640.0,0.10741345584392548,0.0625174343585968,1.064767837524414,0.9983267188072205,0.001
27,0.002219587387405559,0.0010568095603957772,1359.814208984375,0.1318328082561493,0.07636091113090515,1.3406867980957031,0.9974794387817383,0.001
28,0.0021681605599831767,0.0034983446821570396,812.1051025390625,0.34640032052993774,0.2060576230287552,1.9739055633544922,0.9825977087020874,0.001
29,0.0021549235070180035,0.0013374616391956806,58722398208.0,0.2281225472688675,0.11791353672742844,1.6160993576049805,0.9924528002738953,0.001
30,0.0018857236567140184,0.0008413699106313288,16927865856.0,0.1669994294643402,0.0889914408326149,1.3601932525634766,0.9959553480148315,0.001
31,0.001853265310916492,0.0008602048037573695,877.9417724609375,0.15050935745239258,0.07916125655174255,1.403691291809082,0.99671471118927,0.001
32,0.0017871281318924206,0.0022415067069232464,350.3771667480469,0.2155187577009201,0.1335027515888214,1.4466228485107422,0.9932637214660645,0.001
33,0.0018280619716349834,0.003458732273429632,3810464000.0,0.38841813802719116,0.20957259833812714,2.3406076431274414,0.978119969367981,0.001
34,0.0018326027498686474,0.00045430491445586085,1487.906494140625,0.07890154421329498,0.04560179263353348,0.7479705810546875,0.9990971684455872,0.001
35,0.0015894998789313221,0.0050925444811582565,1588610048.0,0.4949047565460205,0.262800931930542,2.791415214538574,0.9644783735275269,0.001
36,0.0016712077898893528,0.0025824422482401133,204920864768.0,0.18262319266796112,0.11217539012432098,1.549221396446228,0.9951631426811218,0.001
37,0.002108634850372767,0.0006275122286751866,73589923840.0,0.11826060712337494,0.06405775249004364,1.164933204650879,0.9979717135429382,0.001
38,0.0014473608141475007,0.0005715826409868896,52348731392.0,0.12651847302913666,0.06625746190547943,1.4187440872192383,0.9976785778999329,0.001
39,0.0013952819061671903,0.002527297008782625,95157387264.0,0.33977386355400085,0.18172883987426758,2.0543622970581055,0.9832571744918823,0.001
40,0.0013970418517410888,0.0018281042575836182,58162929664.0,0.2856835722923279,0.15089626610279083,1.844008445739746,0.9881635904312134,0.001
41,0.0013263933074766558,0.0004200741823296994,166621970432.0,0.08433050662279129,0.04568395018577576,1.0891733169555664,0.9989686012268066,0.001
42,0.0012185228880478103,0.0010460324119776487,38684942336.0,0.2332029491662979,0.11437191814184189,1.6268348693847656,0.9921128749847412,0.001
43,0.001180869867693365,0.0012858347035944462,1826.2857666015625,0.22329027950763702,0.12154682725667953,1.526759147644043,0.992769181728363,0.001
44,0.001208544848207942,0.0021067422349005938,395.5340270996094,0.271953821182251,0.15566052496433258,1.656325340270996,0.9892739653587341,0.001
45,0.0012599767954646426,0.0012649650452658534,1050.2275390625,0.2263694554567337,0.12404123693704605,1.6405467987060547,0.9925683736801147,0.001
46,0.001157160482751373,0.0008336969767697155,8880422912.0,0.17189092934131622,0.0886315330862999,1.3403148651123047,0.9957149624824524,0.001
47,0.0010817842784583078,0.000534583639819175,601937.625,0.124479278922081,0.06891485303640366,1.039595603942871,0.9977527856826782,0.001
48,0.0010267344601786958,0.0009297196520492435,94813380608.0,0.10609305649995804,0.06750146299600601,0.8364133834838867,0.9983676075935364,0.001
49,0.0011257171783523778,0.0013313984964042902,91333296128.0,0.21371160447597504,0.11619807034730911,1.531270980834961,0.9933761954307556,0.001
50,0.0010030187847138755,0.0006344463326968253,71722557440.0,0.1569492369890213,0.08134489506483078,1.2886934280395508,0.9964275360107422,0.001
51,0.0009908279512791398,0.0004129433655180037,36828606464.0,0.08840571343898773,0.049554161727428436,1.0061521530151367,0.9988665580749512,0.001
52,0.0009299673897794219,0.00029936767532490194,120854233088.0,0.056360527873039246,0.03351752460002899,0.7097787857055664,0.999539315700531,0.001
53,0.0009878198570895294,0.0007388378726318479,3305.9169921875,0.07644553482532501,0.04767840728163719,0.7927494049072266,0.9991524815559387,0.001
54,0.001000246569837728,0.0009513145196251571,96201768960.0,0.16620132327079773,0.09640224277973175,1.0669879913330078,0.9959939122200012,0.001
55,0.0008937258654675575,0.0024665750097483397,7348649472.0,0.361102819442749,0.176126629114151,2.1704187393188477,0.9810891151428223,0.001
56,0.0009401084914103619,0.0005854629562236369,36045672448.0,0.15413203835487366,0.0791020318865776,1.2021894454956055,0.9965546131134033,0.001
57,0.0008473219384835241,0.0006147756357677281,34288044032.0,0.10842627286911011,0.058881714940071106,1.040924072265625,0.9982950091362,0.001
58,0.0009007919161485697,0.0017078148666769266,25.517433166503906,0.2863195538520813,0.14816364645957947,1.7188777923583984,0.9881108403205872,0.001
59,0.000867557298346049,0.0005994885577820241,33674979328.0,0.16119588911533356,0.08578050881624222,1.213399887084961,0.9962316155433655,0.001
60,0.0007674628962807268,0.0014824081445112824,1122.0322265625,0.28195175528526306,0.14036881923675537,1.8227405548095703,0.9884707927703857,0.001
61,0.0007998417754633866,0.0002965981839224696,18610.9453125,0.06111004576086998,0.036122530698776245,0.7633237838745117,0.9994584321975708,0.001
62,0.0007728302499633505,0.001002903445623815,15466959872.0,0.2254522293806076,0.10983362048864365,1.5986719131469727,0.9926284551620483,0.001
63,0.0007739493011324081,0.0004604303976520896,109405184000.0,0.0709385871887207,0.04401044175028801,0.7075710296630859,0.9992702007293701,0.001
64,0.000881947968071494,0.0005039323586970568,33042556928.0,0.09194061160087585,0.05517347529530525,0.7847929000854492,0.9987740516662598,0.001
65,0.0007295196760560157,0.0003267620922997594,34989359104.0,0.10095138102769852,0.051463812589645386,1.023458480834961,0.9985219836235046,0.001
66,0.0006832622642026556,0.0006542975315824151,72143912960.0,0.08560025691986084,0.056185074150562286,0.5606050491333008,0.9989373087882996,0.001
67,0.0007539548169442279,0.0013390217209234834,9310.8017578125,0.269937127828598,0.13272416591644287,1.687605857849121,0.9894324541091919,0.001
68,0.0007003742579683036,0.0011313336435705423,50360901632.0,0.24818962812423706,0.12252025306224823,1.6657285690307617,0.991066575050354,0.001
69,0.0006846866514993843,0.0004724457103293389,19600457728.0,0.14759938418865204,0.07258468121290207,1.1413459777832031,0.9968404769897461,0.001
70,0.0006625633308605408,0.0005829071160405874,147195527168.0,0.09883382171392441,0.0626051276922226,0.8431529998779297,0.9985833764076233,0.001
71,0.0007021896942211232,0.0009119430324062705,22429360128.0,0.19806107878684998,0.10937292128801346,1.426701545715332,0.9943108558654785,0.001
72,0.0006699329764933554,0.002657306380569935,109430398976.0,0.32119637727737427,0.1867666244506836,1.7277612686157227,0.9850379824638367,0.001
73,0.000728771576384629,0.0003381857823114842,119481040.0,0.06483196467161179,0.038904834538698196,0.760106086730957,0.9993904232978821,0.001
74,0.0006581723491708653,0.0005153766251169145,20489119744.0,0.13170261681079865,0.07045617699623108,1.1138391494750977,0.9974844455718994,0.001
75,0.0006476895676989911,0.0003497824363876134,5895555584.0,0.06337614357471466,0.03855369985103607,0.655430793762207,0.9994174838066101,0.001
76,0.0006512820591360977,0.0006606124225072563,5649569792.0,0.07065814733505249,0.03535683453083038,1.0466768741607666,0.9992759227752686,0.001
77,0.001002326489371822,0.0010770331136882305,123822284800.0,0.23961439728736877,0.11815433204174042,1.603719711303711,0.9916732311248779,0.001
78,0.0006236330327901343,0.0005064438446424901,1267.934326171875,0.144057959318161,0.07178565859794617,1.0689315795898438,0.9969903230667114,0.001
79,0.0006623769699718558,0.0003280823293607682,15.220033645629883,0.07526057213544846,0.04492421820759773,0.5430612564086914,0.9991785287857056,0.001
80,0.0006203971943304969,0.0007954700267873704,129939095552.0,0.11003631353378296,0.07442128658294678,0.677729606628418,0.9982439875602722,0.001
81,0.0006387339286927223,0.000593904173001647,30014019584.0,0.13831830024719238,0.07619510591030121,1.0640487670898438,0.9972253441810608,0.001
82,0.0005688093221693406,0.0019134494941681623,100808171520.0,0.29896143078804016,0.16309070587158203,1.6681489944458008,0.9870377779006958,0.0005
83,0.0005233169473710464,0.0003984677023254335,526.4561157226562,0.13926750421524048,0.06732688099145889,1.091130256652832,0.9971871376037598,0.0005
84,0.0004931118833019627,0.0005604356992989779,681486848.0,0.15774647891521454,0.08129539340734482,1.1033411026000977,0.9963911771774292,0.0005
85,0.00049436222280872,0.0003737866645678878,11738695680.0,0.12656885385513306,0.06478536128997803,1.035426139831543,0.9976767301559448,0.0005
86,0.00048620898111355294,0.0004158124793320894,3763768320.0,0.1313956379890442,0.06949708610773087,0.9623126983642578,0.9974961280822754,0.0005
87,0.00048409471496407077,0.00032235842081718147,89877897216.0,0.09794854372739792,0.05197250097990036,0.9182710647583008,0.9986086487770081,0.0005
88,0.0005009113655852232,0.0008941586711443961,37984862208.0,0.20752644538879395,0.10344097763299942,1.4118051528930664,0.9937540888786316,0.0005
89,0.0005115515215762942,0.00047675720998086035,23377.66015625,0.15882955491542816,0.07711461931467056,1.154322624206543,0.9963414072990417,0.0005
90,0.0004672854560187566,0.00029027595883235335,25430.373046875,0.10943333059549332,0.0546003021299839,0.9268608093261719,0.9982631802558899,0.0005
91,0.00047871758405002067,0.00048408762086182833,10303772672.0,0.1583964079618454,0.07714587450027466,1.1204090118408203,0.9963613748550415,0.0005
92,0.0004939013089312653,0.0009643998346291482,1113325952.0,0.11999721825122833,0.06934503465890884,0.8874778747558594,0.9979116916656494,0.0005
93,0.0007516402147520713,0.0005832049064338207,49222197248.0,0.17774325609207153,0.08674527704715729,1.303274154663086,0.9954181909561157,0.0005
94,0.00047048113981894816,0.0006765616126358509,91.34044647216797,0.1873938888311386,0.09136820584535599,1.403203010559082,0.9949071407318115,0.0005
95,0.00046294465255686555,0.00031698797829449177,22474010624.0,0.10640215128660202,0.05438106134533882,0.9894533157348633,0.9983580708503723,0.0005
96,0.0004599896651026263,0.00037678625085391104,1040.7266845703125,0.12355110049247742,0.061316266655921936,0.9063825607299805,0.9977861642837524,0.0005
97,0.00046497081531195005,0.0008126298780553043,55162970112.0,0.19210480153560638,0.10360947251319885,1.2907028198242188,0.9946478605270386,0.0005
98,0.00047417594908323964,0.000708427163772285,20040599552.0,0.16115476191043854,0.09256698191165924,1.0932035446166992,0.9962335228919983,0.0005
99,0.0004947429809030591,0.000217562192119658,29726351360.0,0.07779407501220703,0.04126774147152901,0.7608356475830078,0.9991223216056824,0.0005
100,0.0004636611769249116,0.0002385615953244269,1732.651123046875,0.049350157380104065,0.02876736968755722,0.6080265045166016,0.999646782875061,0.0005
101,0.0004649931064062378,0.0007754556136205792,29424207872.0,0.19096237421035767,0.09785673767328262,1.2944831848144531,0.9947113394737244,0.0005
102,0.000451362163898839,0.00036145473131909966,39752998912.0,0.12687943875789642,0.06533834338188171,0.995875358581543,0.997665286064148,0.0005
103,0.0004353754330094636,0.00034970766864717007,20500592640.0,0.08801421523094177,0.04766545072197914,0.8996524810791016,0.9988765716552734,0.0005
104,0.0004435603494315358,0.0009441445581614971,415.65142822265625,0.21442319452762604,0.10894935578107834,1.3000364303588867,0.993332028388977,0.0005
105,0.0004608062565435438,0.0004551924066618085,24243234816.0,0.1409176141023636,0.07012505829334259,1.2557315826416016,0.9971200823783875,0.0005
106,0.00047088664375011344,0.0005247101653367281,60.770179748535156,0.1579134613275528,0.08130334317684174,1.1472349166870117,0.9963834881782532,0.0005
107,0.0004327337173563791,0.00136089778970927,2196.054931640625,0.26173684000968933,0.14008766412734985,1.536996841430664,0.9900647401809692,0.0005
108,0.00044221041944891517,0.0006731196190230548,535.586669921875,0.17708472907543182,0.09324683994054794,1.139984130859375,0.9954521059989929,0.0005
109,0.0004348242456723607,0.0006481918971985579,19627874304.0,0.160141259431839,0.08598785847425461,1.1078853607177734,0.9962807297706604,0.0005
110,0.00044315936940326215,0.0003833595255855471,37312937984.0,0.12355709820985794,0.06324667483568192,1.0551977157592773,0.9977859854698181,0.0005
111,0.0004478284211140572,0.0005155521794222295,740705408.0,0.15560758113861084,0.07823823392391205,1.1365060806274414,0.9964883327484131,0.0005
112,0.00042403990229066116,0.00025549280690029263,1427.7408447265625,0.09528623521327972,0.05060118809342384,0.8149814605712891,0.9986832141876221,0.0005
113,0.0004220661661214011,0.00046542257769033313,11595586560.0,0.14259658753871918,0.0740635022521019,1.0126237869262695,0.9970510601997375,0.0005
114,0.0004271220448594206,0.0002733313012868166,5887718912.0,0.0562470369040966,0.03628511726856232,0.5669212341308594,0.999541163444519,0.0005
115,0.00042530606822515027,0.00044982979306951165,19599431680.0,0.14028103649616241,0.07348114252090454,1.0753660202026367,0.9971460700035095,0.0005
116,0.0004234647510425483,0.0002942035789601505,208049520.0,0.10270869731903076,0.05319404974579811,0.8840513229370117,0.9984700679779053,0.0005
117,0.00042126630798880075,0.00044735820847563446,23189573632.0,0.14266082644462585,0.07312291115522385,1.0642576217651367,0.9970483779907227,0.0005
118,0.0004010451077497536,0.0008186619961634278,165894320.0,0.20164328813552856,0.10249307006597519,1.4299821853637695,0.994103193283081,0.0005
119,0.00040535315803097406,0.00057941151317209,720.0979614257812,0.18364378809928894,0.08449757844209671,1.3363914489746094,0.995108962059021,0.0005
120,0.00042526225380259313,0.0009831059724092484,13367828480.0,0.2414741814136505,0.1154898852109909,1.7156972885131836,0.9915434718132019,0.00025
121,0.0003980660732991681,0.0003799011174123734,16472146944.0,0.12267326563596725,0.06393405050039291,0.9340848922729492,0.9978175163269043,0.00025
122,0.0003766314719781324,0.0004061170038767159,66612789248.0,0.13316425681114197,0.07120618969202042,0.9634714126586914,0.997428297996521,0.00025
123,0.00037162633968968904,0.00029844517121091485,23806855168.0,0.12087706476449966,0.059223126620054245,1.0221567153930664,0.9978809952735901,0.00025
124,0.00037575793880578913,0.00024473608937114477,39548174336.0,0.08884035795927048,0.04561007395386696,0.8331480026245117,0.9988553524017334,0.00025
125,0.000373900130120647,0.0005892557674087584,1662330240.0,0.17913825809955597,0.09003961831331253,1.1920976638793945,0.9953460097312927,0.00025
126,0.0003629938513179962,0.0003046837809961289,1452755456.0,0.11251123994588852,0.05930360034108162,0.906977653503418,0.9981641173362732,0.00025
127,0.00037031632887818546,0.00032776527223177254,8733435904.0,0.130902960896492,0.06350751966238022,0.999323844909668,0.9975149035453796,0.00025
128,0.0003623263647258393,0.0005620471201837063,204861856.0,0.17600694298744202,0.08481493592262268,1.2217817306518555,0.9955072999000549,0.00025
129,0.0003641367265863991,0.0002504432632122189,4488253440.0,0.0975385382771492,0.0482955127954483,0.8858556747436523,0.9986202716827393,0.00025
130,0.0003666791028495108,0.0003045591292902827,12899450880.0,0.11999692022800446,0.062258198857307434,0.9441843032836914,0.9979116916656494,0.00025
131,0.0003558953594511185,0.00043206140981055796,20251072512.0,0.1435600370168686,0.07253839820623398,1.0568885803222656,0.9970110654830933,0.00025
132,0.00036655152934564355,0.00028604117687791586,15114177536.0,0.0903838649392128,0.04978082701563835,0.783329963684082,0.9988152384757996,0.00025
133,0.0003611327261903775,0.0003419171553105116,3696663552.0,0.11457795649766922,0.05896548926830292,0.9615678787231445,0.9980960488319397,0.00025
134,0.00036153531250610814,0.00032022662344388664,802.8888549804688,0.12643447518348694,0.06020396575331688,1.0233869552612305,0.9976816177368164,0.00025
135,0.00035162139014748044,0.0004219617403578013,48088215552.0,0.13760815560817719,0.07400704175233841,0.9332265853881836,0.9972537755966187,0.00025
136,0.0003565783392147211,0.0005890632746741176,312.9259948730469,0.17714864015579224,0.0850340947508812,1.248682975769043,0.9954488277435303,0.00025
137,0.0003617083469773838,0.0005796959158033133,18470320128.0,0.16444066166877747,0.09001719206571579,1.0633554458618164,0.996078372001648,0.00025
138,0.0003759055074254151,0.00037922521005384624,343286784.0,0.14677023887634277,0.06806167215108871,1.1202878952026367,0.9968758821487427,0.00025
139,0.00035085899552851803,0.00021086253400426358,1167.7548828125,0.07667198777198792,0.04086052626371384,0.7531280517578125,0.9991474151611328,0.00025
140,0.00036298177200843565,0.00044390515540726483,930.467041015625,0.15487700700759888,0.07425817102193832,1.146378517150879,0.9965212345123291,0.00025
141,0.0003436576925506704,0.00020035477064084262,20083914752.0,0.08128928393125534,0.043495070189237595,0.7140474319458008,0.9990416765213013,0.00025
142,0.00035342406519844817,0.0008279057801701128,7653995008.0,0.20765471458435059,0.10682137310504913,1.298727035522461,0.9937463402748108,0.00025
143,0.00035854639460382884,0.0011644030455499887,553717568.0,0.25736841559410095,0.1272605061531067,1.5927114486694336,0.9903936386108398,0.00025
144,0.00038891050701090945,0.0005897287628613412,13247618048.0,0.10760065913200378,0.059192366898059845,0.9278450012207031,0.9983208775520325,0.00025
145,0.000365007157782741,0.00033238864853046834,1327379456.0,0.13061676919460297,0.06388924270868301,1.0174875259399414,0.9975257515907288,0.00025
146,0.00034123617412611665,0.00033549321233294904,33261631488.0,0.1060151532292366,0.05494725704193115,0.8982725143432617,0.9983699917793274,0.00025
147,0.0003568314733527445,0.0004628630995284766,781.4995727539062,0.15958121418952942,0.07671068608760834,1.129572868347168,0.9963067173957825,0.00025
148,0.0003449091414884737,0.0003890382940880954,42725605376.0,0.1214822307229042,0.06360677629709244,0.994659423828125,0.9978597164154053,0.00025
149,0.000339090112651821,0.00036866648588329554,267323104.0,0.12626725435256958,0.06503080576658249,0.9421501159667969,0.9976877570152283,0.00025
150,0.0003455400149390927,0.00016033781867008656,1430.93896484375,0.06365236639976501,0.03391614183783531,0.7154178619384766,0.9994124174118042,0.00025
151,0.00035668325695504773,0.00042252117418684065,14534445056.0,0.12132203578948975,0.06549473106861115,0.951991081237793,0.9978653192520142,0.00025
152,0.00035705642923182935,0.00044382456690073013,856.1561279296875,0.1534091681241989,0.07336489111185074,1.0935630798339844,0.9965868592262268,0.00025
153,0.0003390078645298525,0.00021654395095538348,7056866304.0,0.09510068595409393,0.04645417630672455,0.8270683288574219,0.9986883401870728,0.00025
154,0.00033099710569064507,0.0005352385924197733,271.7150573730469,0.17424070835113525,0.08363929390907288,1.2521333694458008,0.9955970048904419,0.00025
155,0.00034100201699260933,0.00030699805938638747,167.98033142089844,0.1188170462846756,0.06136816740036011,0.8664283752441406,0.9979525804519653,0.00025
156,0.0003357467093539123,0.00047583959531039,31564316672.0,0.1497504562139511,0.07428950071334839,1.1322917938232422,0.9967477321624756,0.00025
157,0.00033405269829007034,0.00044890030403621495,11751827456.0,0.14259131252765656,0.07488860934972763,0.9961318969726562,0.9970512390136719,0.00025
158,0.00033804207726891993,0.00040105145308189094,2012806400.0,0.14499329030513763,0.0704670324921608,1.0961627960205078,0.9969511032104492,0.00025
159,0.00033733820923308503,0.00047477244515903294,44846616576.0,0.14572063088417053,0.0760379284620285,1.0942630767822266,0.9969204068183899,0.00025
160,0.0003452214824898771,0.0004767476348206401,12977240064.0,0.15039615333080292,0.073972687125206,1.0951576232910156,0.9967196583747864,0.00025
161,0.0003347589460432998,0.00031751676579006016,86853967872.0,0.12328052520751953,0.0611252598464489,0.9749155044555664,0.9977958798408508,0.00025
162,0.00033465581618439026,0.00020362551731523126,45460414464.0,0.07561130076646805,0.04045990854501724,0.7467460632324219,0.9991708993911743,0.00025
163,0.0003674316370210047,0.0003325121651869267,12419159040.0,0.08571448177099228,0.046844013035297394,0.8298587799072266,0.9989345073699951,0.00025
164,0.0003532514649319245,0.00027651796699501574,9790290944.0,0.0868687704205513,0.04799843579530716,0.7915573120117188,0.998905599117279,0.00025
165,0.00033493596495095705,0.0004292115627322346,1144.431640625,0.15361647307872772,0.07323497533798218,1.1363706588745117,0.9965776205062866,0.00025
166,0.00033544648918295335,0.0002871824544854462,2084.1083984375,0.11260019987821579,0.05692227557301521,0.8523979187011719,0.998161256313324,0.00025
167,0.0003291298764267055,0.00048405351117253304,1274.2003173828125,0.16466832160949707,0.07971286028623581,1.1686573028564453,0.996067464351654,0.00025
168,0.00032296545404807,0.0005772816948592663,823.71533203125,0.17048710584640503,0.08732713013887405,1.1411991119384766,0.9957846403121948,0.00025
169,0.00032334420606940095,0.0005058831884525716,1354.9957275390625,0.15793892741203308,0.07960296422243118,1.1770153045654297,0.9963823556900024,0.00025
170,0.0003246099049048387,0.00040990227716974914,5039281664.0,0.1400677114725113,0.07157422602176666,1.070169448852539,0.997154712677002,0.00025
171,0.00031816981452960564,0.0003348893369548023,39161315328.0,0.12357769161462784,0.06306637078523636,1.0114898681640625,0.997785210609436,0.000125
172,0.0003057509358528957,0.0004025878442917019,13952967680.0,0.1374453604221344,0.0686936229467392,1.1032190322875977,0.9972602725028992,0.000125
173,0.0003076335788191391,0.00033291990985162556,789.888671875,0.1343773752450943,0.0636427253484726,1.0468025207519531,0.9973812103271484,0.000125
174,0.0003413616756812396,0.00027698700432665646,1744213248.0,0.10491156578063965,0.0539323091506958,0.9112730026245117,0.998403787612915,0.000125
175,0.00031361757653199335,0.0003301682590972632,14649663488.0,0.11126922070980072,0.0582304373383522,0.9082279205322266,0.9982044696807861,0.000125
176,0.00031191234188962974,0.00024062339798547328,6255972352.0,0.101777084171772,0.05147185176610947,0.8730640411376953,0.998497724533081,0.000125
177,0.00031290813798815414,0.0005092773935757577,1153.016845703125,0.16087770462036133,0.08080147951841354,1.1149425506591797,0.9962464570999146,0.000125
178,0.00031325709230536984,0.00021873365039937198,4006638848.0,0.0959087684750557,0.048682987689971924,0.7929630279541016,0.998665988445282,0.000125
179,0.000308838841372203,0.0003925997007172555,9431118848.0,0.14310269057750702,0.06949453800916672,1.0534982681274414,0.9970300793647766,0.000125
180,0.0003022271554225576,0.0002558174601290375,20907819008.0,0.11312031745910645,0.055626533925533295,0.9219932556152344,0.9981442093849182,0.000125
181,0.0003074210075348543,0.0001932249724632129,1129.34521484375,0.09436417371034622,0.04398631304502487,0.8521957397460938,0.9987086057662964,0.000125
182,0.00030232293978835385,0.0002753813751041889,431374336.0,0.1170099526643753,0.056021399796009064,0.9687929153442383,0.9980143904685974,0.000125
183,0.00030668589475071114,0.0002037230005953461,1228.4505615234375,0.10198237746953964,0.04734274744987488,0.9207468032836914,0.998491644859314,0.000125
184,0.00030355205197196765,0.0005080236587673426,736.3221435546875,0.16896699368953705,0.08172936737537384,1.2641096115112305,0.9958595037460327,0.000125
185,0.0003104083369692375,0.00037118338514119387,11038241792.0,0.12875483930110931,0.06521421670913696,1.0116233825683594,0.9975957870483398,0.000125
186,0.0003042268313392216,0.0003817015385720879,6688067072.0,0.13822296261787415,0.06888747215270996,1.0455951690673828,0.9972291588783264,0.000125
187,0.00030506199355094976,0.00019539969798643142,18408298496.0,0.0934833288192749,0.045622196048498154,0.8545866012573242,0.9987325668334961,0.000125
188,0.0003045504771746015,0.0002482710115145892,1686947456.0,0.10518601536750793,0.05246462672948837,0.8669137954711914,0.9983953833580017,0.000125
189,0.0003028578027520987,0.000449918705271557,960.2650756835938,0.15699456632137299,0.07686349749565125,1.135584831237793,0.996425449848175,0.000125
190,0.00030803624843804913,0.0003476662386674434,231580624.0,0.12718479335308075,0.06548941880464554,0.9806642532348633,0.9976540207862854,0.000125
191,0.0003048701941671441,0.00047993584303185344,582.6234741210938,0.16388250887393951,0.07983250916004181,1.258173942565918,0.9961049556732178,0.000125
192,0.00029565627604944653,0.00029341381741687655,769830848.0,0.12104498594999313,0.05870905891060829,1.002920150756836,0.9978750944137573,6.25e-05
193,0.00029854999841567306,0.00034648735891096294,1169950848.0,0.13483844697475433,0.0658031553030014,1.0556764602661133,0.9973632097244263,6.25e-05
194,0.0002910886432147379,0.00022503273794427514,8146463744.0,0.09671110659837723,0.04894712194800377,0.8364410400390625,0.9986435770988464,6.25e-05
195,0.00030682813214113054,0.00031369103817269206,1875816448.0,0.12384627014398575,0.06158551201224327,0.9414081573486328,0.9977756142616272,6.25e-05
196,0.0002877333516556167,0.0003079054004047066,11512745984.0,0.1270679235458374,0.061634354293346405,1.0114288330078125,0.997658371925354,6.25e-05
197,0.0002886636493222866,0.00033582167816348374,6274997248.0,0.1302841603755951,0.06327017396688461,0.9959783554077148,0.9975383281707764,6.25e-05
198,0.0002911739625750545,0.00024380047398153692,9712577536.0,0.10248283296823502,0.0508316233754158,0.8902606964111328,0.9984768033027649,6.25e-05
199,0.0002927672992631916,0.0004016043967567384,17594216448.0,0.1398850828409195,0.07000996172428131,1.0154991149902344,0.9971621036529541,6.25e-05
200,0.00029825422943159825,0.0002890370087698102,4770667008.0,0.11394792050123215,0.057235799729824066,0.9074811935424805,0.9981169700622559,6.25e-05
201,0.0002893782090946396,0.0003530031826812774,4987790848.0,0.135892853140831,0.0671992376446724,1.0232534408569336,0.9973217844963074,6.25e-05
202,0.00029410330650485875,0.00034753361251205206,916.7760009765625,0.13879738748073578,0.06649874150753021,1.044764518737793,0.9972060918807983,6.25e-05
203,0.0002955091131842712,0.0002812193997669965,38.539527893066406,0.12076489627361298,0.05869763344526291,0.9417667388916016,0.9978849291801453,6.25e-05
204,0.0002912346519910435,0.0003193194279447198,252636432.0,0.12058845162391663,0.05993273854255676,0.952357292175293,0.9978910684585571,6.25e-05
205,0.0002926375824451993,0.00027069030329585075,6705694208.0,0.11205511540174484,0.05572793260216713,0.8554582595825195,0.9981789588928223,6.25e-05
206,0.000290577990629621,0.0002709369291551411,9851717632.0,0.11411458998918533,0.056133195757865906,0.9288434982299805,0.9981114268302917,6.25e-05
207,0.00028809144812643746,0.0003181966894771904,1115016576.0,0.12769410014152527,0.062434121966362,1.009465217590332,0.9976352453231812,6.25e-05
208,0.0002855585437877282,0.0003086007200181484,3995642368.0,0.12270853668451309,0.06038732826709747,1.014054298400879,0.997816264629364,6.25e-05
209,0.000287362793408206,0.00035658234264701605,7169128960.0,0.1303890496492386,0.0653265193104744,0.9876289367675781,0.9975343346595764,6.25e-05
210,0.00028847122368330283,0.00030736421467736363,14645103616.0,0.1265953779220581,0.06039071083068848,1.0241403579711914,0.9976757168769836,6.25e-05
211,0.0002834188741768437,0.00020736134320031852,3101128704.0,0.09480180591344833,0.04773520678281784,0.8467092514038086,0.9986965656280518,6.25e-05
212,0.00029365499484740353,0.0003013535460922867,1305.0250244140625,0.1210056021809578,0.05947627127170563,0.9296350479125977,0.9978764653205872,6.25e-05
213,0.0002874072956048164,0.0002882932894863188,5986353152.0,0.11947627365589142,0.058645110577344894,0.9161825180053711,0.9979298114776611,3.125e-05
214,0.0002886293406115878,0.0003423652960918844,11046019072.0,0.135594442486763,0.06569302082061768,1.0460834503173828,0.9973335266113281,3.125e-05
215,0.00028733857928267765,0.00032552509219385684,461325664.0,0.13143184781074524,0.06360381841659546,0.9880895614624023,0.9974947571754456,3.125e-05
216,0.0002848394369339838,0.0003212002047803253,4875898880.0,0.12965694069862366,0.06238545849919319,1.0105066299438477,0.9975619316101074,3.125e-05
217,0.00028312500258388337,0.0003228766727261245,6860157440.0,0.13013528287410736,0.06280919164419174,1.0139684677124023,0.9975439310073853,3.125e-05
218,0.00028079899110201146,0.00030272791627794504,2327209472.0,0.12289893627166748,0.06052987650036812,0.9525613784790039,0.9978094696998596,3.125e-05
219,0.00028513170491895653,0.0003283026162534952,3829281536.0,0.131071075797081,0.06349017471075058,0.9794912338256836,0.9975084662437439,3.125e-05
220,0.00028396389420314353,0.00025995998294092715,7359355392.0,0.10793314129114151,0.053915999829769135,0.8601398468017578,0.9983105063438416,3.125e-05
221,0.000291424357380389,0.00028537947218865156,10427499520.0,0.11806529760360718,0.05723881348967552,0.9462509155273438,0.9979783892631531,3.125e-05
222,0.0002836474953086846,0.0003315492649562657,6214963200.0,0.13491633534431458,0.06458649784326553,1.0156221389770508,0.9973601698875427,3.125e-05
223,0.0002843376653740171,0.0003293220652267337,9030349824.0,0.131471648812294,0.06401126086711884,1.0089693069458008,0.9974932074546814,3.125e-05
224,0.00028576458958367966,0.0003493105759844184,2439559680.0,0.13695476949214935,0.06615234911441803,1.034134864807129,0.9972797632217407,3.125e-05
225,0.00028180166668381295,0.0002948059409391135,417376096.0,0.12090788781642914,0.05820503458380699,0.9768571853637695,0.9978798627853394,3.125e-05
226,0.00028318991948373637,0.0003362628340255469,3845330688.0,0.1320377141237259,0.06483420729637146,0.9813871383666992,0.9974716305732727,3.125e-05
227,0.0002798368677867766,0.0002885079593397677,6615322624.0,0.1188516765832901,0.05912148952484131,0.9412984848022461,0.9979513883590698,3.125e-05
228,0.0002811258127403998,0.0002947322209365666,891739712.0,0.12409672886133194,0.05976460874080658,0.9994163513183594,0.9977665543556213,3.125e-05
229,0.0002806864880669505,0.0002760732895694673,1841905664.0,0.11655182391405106,0.05634037032723427,0.9511260986328125,0.998029887676239,3.125e-05
230,0.0002902365965987584,0.0003288556181360036,10088973312.0,0.12672047317028046,0.06281745433807373,1.0002269744873047,0.9976711273193359,3.125e-05
231,0.000282850843215707,0.0003675484622363001,559377728.0,0.14229173958301544,0.06815267354249954,1.0734081268310547,0.9970636367797852,3.125e-05
232,0.00028690091622881816,0.0003376794629730284,10965480448.0,0.13481062650680542,0.06585964560508728,1.0020332336425781,0.9973642826080322,3.125e-05
233,0.00028336603843821714,0.0003119925095234066,954.952880859375,0.1280079185962677,0.06189301609992981,0.9876089096069336,0.9976235628128052,3.125e-05
234,0.00027859475459969004,0.00030262055224739015,593.1851196289062,0.12538227438926697,0.06020813062787056,0.9870424270629883,0.9977200627326965,1.5625e-05
235,0.00028197311926605236,0.0002662191691342741,1547012352.0,0.11515391618013382,0.056080445647239685,0.9359960556030273,0.998076856136322,1.5625e-05
236,0.0002812145184272409,0.0002941654820460826,3706052096.0,0.12468837946653366,0.060590218752622604,0.9726190567016602,0.9977452158927917,1.5625e-05
237,0.00027382760568351824,0.000321424740832299,5290107904.0,0.13087762892246246,0.06350384652614594,0.9957075119018555,0.997515857219696,1.5625e-05
238,0.0002762049599167261,0.0002851800818461925,2496563456.0,0.11820938438177109,0.05745116248726845,0.9562473297119141,0.9979734420776367,1.5625e-05
239,0.000281027038304573,0.00029105923022143543,7556056576.0,0.12227923423051834,0.05942488834261894,0.9551982879638672,0.9978315234184265,1.5625e-05
240,0.00027865711639671515,0.0003181236970704049,2478187520.0,0.12731164693832397,0.06247036159038544,0.9879970550537109,0.9976493716239929,1.5625e-05
241,0.000278810076195953,0.00031791237415745854,179274944.0,0.12874135375022888,0.062372975051403046,0.9885883331298828,0.997596263885498,1.5625e-05
242,0.0002799932233233585,0.0003243403334636241,508875136.0,0.13304182887077332,0.06364826112985611,1.0208854675292969,0.9974330067634583,1.5625e-05
243,0.00027773965558878556,0.0002887028094846755,4877150720.0,0.11968716979026794,0.058753546327352524,0.9430294036865234,0.9979224801063538,1.5625e-05
244,0.00027218871653389497,0.00029203586746007204,3160432640.0,0.12215263396501541,0.05929459258913994,0.9561100006103516,0.9978359937667847,1.5625e-05
245,0.0002788689743757421,0.00031062544439919293,4825337856.0,0.12634293735027313,0.06141350418329239,0.9865007400512695,0.9976850152015686,1.5625e-05
246,0.00027995504223473906,0.00029235161491669714,5715368960.0,0.12345041334629059,0.05930463597178459,0.9837770462036133,0.9977898001670837,1.5625e-05
247,0.00028258623554605524,0.00027630990371108055,3688652288.0,0.11676817387342453,0.057002682238817215,0.9298954010009766,0.9980225563049316,1.5625e-05
248,0.00027880127751547286,0.00029865093529224396,11907319808.0,0.12196749448776245,0.06019943207502365,0.9478082656860352,0.99784255027771,1.5625e-05
249,0.0002777817062451504,0.00029977565282024443,5094340608.0,0.12535899877548218,0.060710977762937546,0.9860458374023438,0.9977208971977234,1.5625e-05
250,0.00027462690073542275,0.0003249020955991,2565573120.0,0.13014289736747742,0.06293811649084091,1.0005874633789062,0.9975436329841614,1.5625e-05
251,0.0002763455484095894,0.00029555161017924547,1747549824.0,0.12030086666345596,0.058982133865356445,0.9579315185546875,0.9979011416435242,1.5625e-05
252,0.0002755361704489015,0.00031852207030169666,4898216960.0,0.12920890748500824,0.06261760741472244,0.9995832443237305,0.9975787997245789,1.5625e-05
253,0.0002700879914207875,0.0002718409232329577,1902186752.0,0.1148487776517868,0.05630286782979965,0.9339694976806641,0.9980870485305786,1.5625e-05
254,0.0002751279907080785,0.0002894134377129376,5325392896.0,0.12065162509679794,0.059620026499032974,0.9272394180297852,0.9978888630867004,1.5625e-05
255,0.00027682410495935713,0.0002816174237523228,4196570112.0,0.12027531862258911,0.05840108171105385,0.953434944152832,0.9979020357131958,7.8125e-06
256,0.00027488220685571545,0.0003041598538402468,1463607040.0,0.12527276575565338,0.060875821858644485,0.9649744033813477,0.9977240562438965,7.8125e-06
257,0.0002759582560696265,0.00026964073185808957,4593756160.0,0.11696989089250565,0.05668018013238907,0.9357385635375977,0.9980157613754272,7.8125e-06
258,0.0002733108054806094,0.00028894448769278824,5475504640.0,0.12241116911172867,0.05939362943172455,0.965214729309082,0.9978268146514893,7.8125e-06
259,0.00027804745066336575,0.0003182162472512573,4387098112.0,0.12973038852214813,0.06238942965865135,1.024388313293457,0.9975591897964478,7.8125e-06
260,0.00027376949988601137,0.0002865621354430914,2829497088.0,0.12170200794935226,0.059196509420871735,0.9524440765380859,0.9978519678115845,7.8125e-06
261,0.0002792623602648539,0.0002909370232373476,5067490816.0,0.1223815381526947,0.05934436619281769,0.9621782302856445,0.9978278875350952,7.8125e-06
262,0.0002784596346207186,0.00027664180379360914,1551252480.0,0.11823257058858871,0.057483602315187454,0.9390459060668945,0.9979726672172546,7.8125e-06
263,0.00027972967071112937,0.00029807104147039354,3349102848.0,0.12392342835664749,0.06005355343222618,0.9593505859375,0.9977728128433228,7.8125e-06
264,0.00027667503313560173,0.00032463320530951023,2826565632.0,0.13128088414669037,0.06332805007696152,1.0057153701782227,0.997500479221344,7.8125e-06
265,0.000273546395934198,0.0002986489562317729,5962836480.0,0.12413758039474487,0.06059453636407852,0.9546022415161133,0.9977651238441467,7.8125e-06
266,0.00027318476261820263,0.0002921310078818351,2782565376.0,0.12331035733222961,0.059691548347473145,0.950596809387207,0.9977948069572449,7.8125e-06
267,0.0002808160873368371,0.0003090697282459587,1095819648.0,0.1269979625940323,0.061482496559619904,0.9753513336181641,0.9976609349250793,7.8125e-06
268,0.000270616113797979,0.0003131539560854435,5841204224.0,0.12740416824817657,0.062196504324674606,0.9655084609985352,0.9976459741592407,7.8125e-06
269,0.00027847309287673723,0.0002897371887229383,3916572416.0,0.12116938829421997,0.05910413712263107,0.9445619583129883,0.997870683670044,7.8125e-06
270,0.00027854937480059925,0.0003031553642358631,3802473984.0,0.12265099585056305,0.060088861733675,0.9586029052734375,0.9978182911872864,7.8125e-06
271,0.0002791102677859048,0.0003050602099392563,4922846208.0,0.1247270405292511,0.06102007254958153,0.9656648635864258,0.9977438449859619,7.8125e-06
272,0.000272634241717427,0.00028628489235416055,2502922240.0,0.11968333274126053,0.05855683237314224,0.941197395324707,0.9979225993156433,7.8125e-06
273,0.00027704467687792074,0.00029931950848549604,4878097408.0,0.12389011681079865,0.06043617054820061,0.9691619873046875,0.9977740049362183,7.8125e-06
274,0.00027428496845797106,0.00029330147663131356,5390781440.0,0.12261296808719635,0.05954194441437721,0.9556713104248047,0.9978196620941162,7.8125e-06
275,0.000275982299929033,0.00030576883000321686,3303354880.0,0.12655146420001984,0.0614122599363327,0.9674234390258789,0.9976773262023926,7.8125e-06
276,0.00027723875716551693,0.0002920078986790031,6921156096.0,0.12313085049390793,0.05974514037370682,0.9603204727172852,0.9978011846542358,3.90625e-06
277,0.0002770214492328253,0.00028852050309069455,3228312576.0,0.1212322786450386,0.05901312083005905,0.9447641372680664,0.9978684782981873,3.90625e-06
278,0.00027288262334807,0.0003006932674907148,4520259584.0,0.12372585386037827,0.06031113862991333,0.9536676406860352,0.997779905796051,3.90625e-06
279,0.0002782536437212138,0.00029262941097840667,6816431104.0,0.12240605801343918,0.059516508132219315,0.9575901031494141,0.9978269934654236,3.90625e-06
280,0.00027802920866127457,0.00030659313779324293,4851585536.0,0.12548163533210754,0.06145912781357765,0.9669904708862305,0.9977164268493652,3.90625e-06
281,0.0002769408867803185,0.00028993113664910197,4447381504.0,0.122435063123703,0.05943373218178749,0.9587316513061523,0.9978259801864624,3.90625e-06
282,0.0002737899775676775,0.0002906876616179943,3268573696.0,0.12204418331384659,0.05908466503024101,0.9519119262695312,0.9978398680686951,3.90625e-06
283,0.0002808038874293683,0.0002939679252449423,5156030464.0,0.12425985187292099,0.06020073965191841,0.9692935943603516,0.9977607131004333,3.90625e-06
284,0.00027563867309412355,0.00029132780036889017,3394240512.0,0.12340057641267776,0.05965210497379303,0.9692316055297852,0.997791588306427,3.90625e-06
285,0.0002768115923164167,0.0003010366635862738,5108715008.0,0.1244848370552063,0.060635726898908615,0.9716272354125977,0.9977526068687439,3.90625e-06
286,0.0002723744920347566,0.00030390918254852295,1967673984.0,0.1257806420326233,0.06085538491606712,0.9781532287597656,0.9977055788040161,3.90625e-06
287,0.0002745530416618776,0.00029434796306304634,5277198848.0,0.12318579852581024,0.059435296803712845,0.9706020355224609,0.997799277305603,3.90625e-06
288,0.0002744716709245465,0.00030254892772063613,2701738240.0,0.12524347007274628,0.060901250690221786,0.9655055999755859,0.9977251291275024,3.90625e-06
289,0.00027353980234812967,0.00029170146444812417,4161967616.0,0.12166116386651993,0.05946896970272064,0.9413042068481445,0.9978533983230591,3.90625e-06
290,0.000273974058772493,0.00029255403205752373,5611656192.0,0.12179990112781525,0.05929764360189438,0.9606084823608398,0.9978485107421875,3.90625e-06
291,0.0002722876689474874,0.0002956169773824513,2255410688.0,0.12383528798818588,0.05972156301140785,0.9664621353149414,0.9977759718894958,3.90625e-06
292,0.00027545129069584437,0.0002970830537378788,4774849024.0,0.12301509082317352,0.05995834618806839,0.9589414596557617,0.9978053569793701,3.90625e-06
293,0.00027231875628241323,0.0003040374140255153,1953013760.0,0.12476380914449692,0.060543861240148544,0.9744071960449219,0.9977425336837769,3.90625e-06
294,0.00027581751499949637,0.0003087492659687996,5289502720.0,0.1273728758096695,0.06140432134270668,0.9893779754638672,0.9976471066474915,3.90625e-06
295,0.0002746789396042004,0.0002954057417809963,3683295232.0,0.12324585765600204,0.059969160705804825,0.9627285003662109,0.9977971315383911,3.90625e-06
296,0.0002758563085756136,0.0003097580629400909,4114744832.0,0.12619464099407196,0.061452820897102356,0.9724454879760742,0.9976904392242432,3.90625e-06
297,0.0002703053293286817,0.0002987711923196912,2790407424.0,0.12401233613491058,0.06029719114303589,0.9600915908813477,0.9977695941925049,1.953125e-06
298,0.00027343694357310203,0.0002984500606544316,3922272512.0,0.12446530908346176,0.060484498739242554,0.9639005661010742,0.9977533221244812,1.953125e-06
299,0.0002747852810795146,0.00029249960789456964,6104461312.0,0.12225030362606049,0.05960623547434807,0.9505519866943359,0.9978325366973877,1.953125e-06
300,0.0002737612751783792,0.0002956755051854998,3802339328.0,0.12247252464294434,0.059670548886060715,0.952606201171875,0.9978246688842773,1.953125e-06
301,0.0002759889498057435,0.00029801035998389125,3442616320.0,0.1239190399646759,0.06021770462393761,0.9572858810424805,0.9977729916572571,1.953125e-06
302,0.00027442170566012024,0.0002945723826996982,3441781504.0,0.12319977581501007,0.05997176468372345,0.948521614074707,0.9977987408638,1.953125e-06
303,0.0002757379808532866,0.00029318913584575057,3510862080.0,0.1229732558131218,0.059758950024843216,0.9539108276367188,0.9978068470954895,1.953125e-06
304,0.0002741169622397987,0.0003022317250724882,3322185472.0,0.1252342164516449,0.0608077310025692,0.9655981063842773,0.9977254271507263,1.953125e-06
305,0.00027093511007860035,0.0003006819461006671,3565454336.0,0.12438084185123444,0.06058008596301079,0.9614448547363281,0.9977563619613647,1.953125e-06
306,0.0002759177149566236,0.0002928042667917907,5100210176.0,0.12233203649520874,0.059658899903297424,0.9538993835449219,0.9978296756744385,1.953125e-06
307,0.0002733969097729761,0.0002995194518007338,3291258880.0,0.12434542179107666,0.06015942245721817,0.9711437225341797,0.997757613658905,1.953125e-06
308,0.0002810064862512922,0.0002946697932202369,3458719232.0,0.12290366739034653,0.059802405536174774,0.9598703384399414,0.9978092908859253,1.953125e-06
309,0.00027106037880307967,0.00030175928259268403,3867085312.0,0.12496912479400635,0.06070740520954132,0.9685554504394531,0.9977350831031799,1.953125e-06
310,0.0002805731125269364,0.0002948517503682524,2952998912.0,0.12322976440191269,0.05983961746096611,0.9590311050415039,0.9977976679801941,1.953125e-06
311,0.0002705879336220218,0.00029892419115640223,2525132288.0,0.12383076548576355,0.06012902036309242,0.9635457992553711,0.9977761507034302,1.953125e-06
312,0.00027504882375810097,0.00028983262018300593,4679108608.0,0.12209983170032501,0.05924273282289505,0.9518756866455078,0.9978379011154175,1.953125e-06
313,0.0002750637977660081,0.000296038284432143,4395081728.0,0.12309064716100693,0.0598691888153553,0.9591712951660156,0.9978026747703552,1.953125e-06
314,0.0002733884094503268,0.000297109829261899,3359297536.0,0.12441129982471466,0.060187868773937225,0.9681835174560547,0.997755229473114,1.953125e-06
315,0.0002734322568107519,0.00029721600003540516,3724582912.0,0.12401770055294037,0.06030537933111191,0.9620380401611328,0.9977694153785706,1.953125e-06
316,0.00027438067875713287,0.0002932807256001979,3769146368.0,0.12270230799913406,0.05952431261539459,0.9596939086914062,0.9978165030479431,1.953125e-06
317,0.0002730568484187093,0.00029972867923788726,3422943488.0,0.12417924404144287,0.06032619625329971,0.9702825546264648,0.9977636337280273,1.953125e-06
318,0.0002755788485585812,0.0003004368918482214,2876419328.0,0.12442607432603836,0.06044141575694084,0.9682731628417969,0.997754693031311,1e-06
319,0.0002749624184066497,0.0002968213811982423,3856054016.0,0.1238996833562851,0.06017063558101654,0.9641637802124023,0.9977736473083496,1e-06
320,0.00026726163200501487,0.00029324745992198586,3885306368.0,0.1223667562007904,0.059647928923368454,0.9572830200195312,0.9978284239768982,1e-06
321,0.00027518442617227394,0.0002977935364469886,2997465344.0,0.12369026988744736,0.06011125445365906,0.9638843536376953,0.9977812170982361,1e-06
322,0.0002742813757905168,0.0002961582795251161,4077103104.0,0.12350005656480789,0.06004241481423378,0.9596967697143555,0.9977880120277405,1e-06
323,0.00027215752027744794,0.0002935509255621582,3899543552.0,0.1223982647061348,0.05950115993618965,0.954350471496582,0.9978272914886475,1e-06
324,0.0002765919506747811,0.00029888501740060747,4497969664.0,0.12367019057273865,0.06025364249944687,0.958348274230957,0.9977819323539734,1e-06
325,0.0002770735895728921,0.0002962679136544466,3918091520.0,0.12323559820652008,0.06001366674900055,0.9564237594604492,0.9977974891662598,1e-06
326,0.00027645709764067373,0.0003004512400366366,3345778688.0,0.12417856603860855,0.06040811911225319,0.9620466232299805,0.9977636337280273,1e-06
327,0.00027147172092777973,0.0002981227880809456,4367495168.0,0.1238323375582695,0.060336776077747345,0.956477165222168,0.9977760910987854,1e-06
328,0.0002693808816190709,0.0002985193277709186,4024507648.0,0.12409275025129318,0.0604199655354023,0.9565324783325195,0.9977667331695557,1e-06
329,0.00027759879481390365,0.00029901679954491556,3515753984.0,0.12432996183633804,0.06031123176217079,0.9612550735473633,0.997758150100708,1e-06
330,0.00027592488469397035,0.0002989992208313197,3475875328.0,0.12374898046255112,0.06028178706765175,0.9559926986694336,0.9977790713310242,1e-06
331,0.0002716842272077007,0.0002978195552714169,3539678720.0,0.12363041192293167,0.06012589856982231,0.9556398391723633,0.997783362865448,1e-06
332,0.0002739368247782845,0.0002987229672726244,2914351360.0,0.12394137680530548,0.0602961927652359,0.9565639495849609,0.9977721571922302,1e-06
333,0.00027226114228735875,0.0002981217112392187,4099372288.0,0.1238945946097374,0.060192860662937164,0.9582757949829102,0.9977738261222839,1e-06
334,0.00027092303608441,0.00029975909274071455,3839125504.0,0.12414906173944473,0.06041281670331955,0.9592771530151367,0.9977647066116333,1e-06
335,0.00026969943916380497,0.00029591258498840034,4617678848.0,0.1233329102396965,0.05993591248989105,0.9570894241333008,0.997793972492218,1e-06
336,0.00027374926174455463,0.0002949218323919922,3308967680.0,0.12332724779844284,0.05986405164003372,0.9568519592285156,0.9977942109107971,1e-06
337,0.000271477719192382,0.00029432473820634186,3605077504.0,0.1232050359249115,0.05986330285668373,0.9563226699829102,0.9977985620498657,1e-06
338,0.00027887928954877715,0.0002952981449197978,3466767616.0,0.12310926616191864,0.059890393167734146,0.9555978775024414,0.9978019595146179,1e-06
339,0.0002749092080651275,0.00029909927980042994,3978139648.0,0.12377817183732986,0.06027231737971306,0.9564876556396484,0.997778058052063,1e-06
340,0.0002702291545835965,0.0002968655899167061,4059274752.0,0.1233900934457779,0.060062337666749954,0.9558420181274414,0.9977919459342957,1e-06
341,0.00027343912060933,0.00029261724557727575,3000448512.0,0.1233023852109909,0.059658829122781754,0.9574089050292969,0.9977951049804688,1e-06
342,0.00027287518326750773,0.0002988973574247211,3453232128.0,0.12457458674907684,0.06037038937211037,0.9643287658691406,0.9977493286132812,1e-06
343,0.0002741283681093782,0.0002966135216411203,4514151936.0,0.12277958542108536,0.05999055877327919,0.9516830444335938,0.9978137612342834,1e-06
344,0.0002728979666870712,0.0002946295717265457,3559119104.0,0.123084157705307,0.059795208275318146,0.9534235000610352,0.9978028535842896,1e-06
345,0.00027405787945981554,0.0002943844592664391,3326859008.0,0.12278270721435547,0.05983177572488785,0.9500255584716797,0.9978136420249939,1e-06
346,0.00027544020919455497,0.00030138588044792414,1917222144.0,0.12418407946825027,0.060438286513090134,0.9586315155029297,0.997763454914093,1e-06
347,0.00027197679324552395,0.00029770543915219605,3353230592.0,0.12380940467119217,0.06007535755634308,0.960418701171875,0.9977769255638123,1e-06
348,0.0002730576625417271,0.00029409577837213874,3164589568.0,0.12306706607341766,0.059710290282964706,0.9596939086914062,0.9978035092353821,1e-06
349,0.0002754596255449188,0.0002912907220888883,3865188864.0,0.12188827246427536,0.05922120437026024,0.9539670944213867,0.9978453516960144,1e-06
350,0.00027126242848626246,0.00029471557354554534,3553485568.0,0.12340591102838516,0.059788778424263,0.9605445861816406,0.9977913498878479,1e-06
