Date,rf
2015-12-23,7.532528806680986e-06
2015-12-24,7.255268148295638e-06
2015-12-28,7.532528806680986e-06
2015-12-29,8.52258767121041e-06
2015-12-30,7.730560105672651e-06
2015-12-31,5.8686742001769365e-06
2016-01-04,6.146031752987827e-06
2016-01-05,8.126593648632934e-06
2016-01-06,8.126593648632934e-06
2016-01-07,7.532528806680986e-06
2016-01-08,7.532528806680986e-06
2016-01-11,6.938375017327877e-06
2016-01-12,8.324595304438166e-06
2016-01-13,8.52258767121041e-06
2016-01-14,9.512398992879964e-06
2016-01-15,8.839354321896692e-06
2016-01-19,9.116504326630944e-06
2016-01-20,1.00270033725313e-05
2016-01-21,1.0818572767080903e-05
2016-01-22,1.1412145324772354e-05
2016-01-25,1.0897721140739604e-05
2016-01-26,1.1886940867663533e-05
2016-01-27,1.1886940867663533e-05
2016-01-28,1.2599025325167404e-05
2016-01-29,1.1886940867663533e-05
2016-02-01,1.1689115705654794e-05
2016-02-02,1.307367888940057e-05
2016-02-03,1.3192332820605761e-05
2016-02-04,1.121429767057258e-05
2016-02-05,1.1016440151670014e-05
2016-02-08,1.030407044502325e-05
2016-02-09,1.1886940867663533e-05
2016-02-10,1.180781222211591e-05
2016-02-11,1.0818572767080903e-05
2016-02-12,1.0699847836278057e-05
2016-02-16,1.0818572767080903e-05
2016-02-17,1.1609984294429808e-05
2016-02-18,1.1412145324772354e-05
2016-02-19,1.121429767057258e-05
2016-02-22,1.1609984294429808e-05
2016-02-23,1.2599025325167404e-05
2016-02-24,1.2480353652007428e-05
2016-02-25,1.2282559250280143e-05
2016-02-26,1.2005630288049623e-05
2016-02-29,1.2203438493214119e-05
2016-03-01,1.2678138195324502e-05
2016-03-02,1.2005630288049623e-05
2016-03-03,1.0422808396907259e-05
2016-03-04,1.0501963485049495e-05
2016-03-07,1.0501963485049495e-05
2016-03-08,1.2084754989159832e-05
2016-03-09,1.1412145324772354e-05
2016-03-10,1.2005630288049623e-05
2016-03-11,1.2203438493214119e-05
2016-03-14,1.2203438493214119e-05
2016-03-15,1.2875912881214046e-05
2016-03-16,1.1886940867663533e-05
2016-03-17,1.0897721140739604e-05
2016-03-18,1.1095584578924275e-05
2016-03-21,1.1412145324772354e-05
2016-03-22,1.1689115705654794e-05
2016-03-23,1.1609984294429808e-05
2016-03-24,1.0897721140739604e-05
2016-03-28,1.0106167535767699e-05
2016-03-29,8.918541591303372e-06
2016-03-30,7.334487624664482e-06
2016-03-31,7.651349126081964e-06
2016-04-01,8.641377759667378e-06
2016-04-04,7.255268148295638e-06
2016-04-05,8.641377759667378e-06
2016-04-06,8.720569569811355e-06
2016-04-07,8.720569569811355e-06
2016-04-08,8.641377759667378e-06
2016-04-11,8.324595304438166e-06
2016-04-12,9.116504326630944e-06
2016-04-13,8.839354321896692e-06
2016-04-14,8.52258767121041e-06
2016-04-15,8.324595304438166e-06
2016-04-18,7.849374495714511e-06
2016-04-19,8.52258767121041e-06
2016-04-20,8.641377759667378e-06
2016-04-21,8.918541591303372e-06
2016-04-22,8.918541591303372e-06
2016-04-25,9.433223573243221e-06
2016-04-26,9.710332105630794e-06
2016-04-27,9.710332105630794e-06
2016-04-28,8.324595304438166e-06
2016-04-29,7.651349126081964e-06
2016-05-02,7.334487624664482e-06
2016-05-03,8.047389983900319e-06
2016-05-04,7.849374495714511e-06
2016-05-05,7.255268148295638e-06
2016-05-06,7.136436558636637e-06
2016-05-09,8.047389983900319e-06
2016-05-10,9.631160045254642e-06
2016-05-11,9.82908664468907e-06
2016-05-12,1.022491022976597e-05
2016-05-13,1.022491022976597e-05
2016-05-16,1.022491022976597e-05
2016-05-17,1.0620695515821333e-05
2016-05-18,1.0699847836278057e-05
2016-05-19,1.1491281860398246e-05
2016-05-20,1.180781222211591e-05
2016-05-23,1.240123683859242e-05
2016-05-24,1.3587821088972239e-05
2016-05-25,1.2480353652007428e-05
2016-05-26,1.0897721140739604e-05
2016-05-27,1.180781222211591e-05
2016-05-31,1.121429767057258e-05
2016-06-01,1.1689115705654794e-05
2016-06-02,1.0699847836278057e-05
2016-06-03,1.0699847836278057e-05
2016-06-06,9.908254756298409e-06
2016-06-07,1.0501963485049495e-05
2016-06-08,9.314456596831934e-06
2016-06-09,9.512398992879964e-06
2016-06-10,9.512398992879964e-06
2016-06-13,9.710332105630794e-06
2016-06-14,1.0422808396907259e-05
2016-06-15,1.0106167535767699e-05
2016-06-16,9.710332105630794e-06
2016-06-17,9.82908664468907e-06
2016-06-20,9.82908664468907e-06
2016-06-21,1.0501963485049495e-05
2016-06-22,1.0620695515821333e-05
2016-06-23,1.0897721140739604e-05
2016-06-24,9.433223573243221e-06
2016-06-27,9.314456596831934e-06
2016-06-28,1.030407044502325e-05
2016-06-29,1.0106167535767699e-05
2016-06-30,9.82908664468907e-06
2016-07-01,9.631160045254642e-06
2016-07-05,9.433223573243221e-06
2016-07-06,1.0422808396907259e-05
2016-07-07,1.0699847836278057e-05
2016-07-08,1.0818572767080903e-05
2016-07-11,1.0897721140739604e-05
2016-07-12,1.1689115705654794e-05
2016-07-13,1.180781222211591e-05
2016-07-14,1.2005630288049623e-05
2016-07-15,1.180781222211591e-05
2016-07-18,1.1412145324772354e-05
2016-07-19,1.2282559250280143e-05
2016-07-20,1.2480353652007428e-05
2016-07-21,1.2005630288049623e-05
2016-07-22,1.2005630288049623e-05
2016-07-25,1.180781222211591e-05
2016-07-26,1.2203438493214119e-05
2016-07-27,1.121429767057258e-05
2016-07-28,8.720569569811355e-06
2016-07-29,9.512398992879964e-06
2016-08-01,9.433223573243221e-06
2016-08-02,1.1095584578924275e-05
2016-08-03,1.0620695515821333e-05
2016-08-04,9.82908664468907e-06
2016-08-05,9.908254756298409e-06
2016-08-08,9.908254756298409e-06
2016-08-09,1.1609984294429808e-05
2016-08-10,1.0818572767080903e-05
2016-08-11,1.0897721140739604e-05
2016-08-12,1.0422808396907259e-05
2016-08-15,1.0897721140739604e-05
2016-08-16,1.1412145324772354e-05
2016-08-17,1.1412145324772354e-05
2016-08-18,1.1293438151815924e-05
2016-08-19,1.1609984294429808e-05
2016-08-22,1.1095584578924275e-05
2016-08-23,1.2084754989159832e-05
2016-08-24,1.2084754989159832e-05
2016-08-25,1.2084754989159832e-05
2016-08-26,1.2084754989159832e-05
2016-08-29,1.2084754989159832e-05
2016-08-30,1.2875912881214046e-05
2016-08-31,1.2678138195324502e-05
2016-09-01,1.2480353652007428e-05
2016-09-02,1.2005630288049623e-05
2016-09-06,1.2005630288049623e-05
2016-09-07,1.307367888940057e-05
2016-09-08,1.3192332820605761e-05
2016-09-09,1.3192332820605761e-05
2016-09-12,1.3864639662138983e-05
2016-09-13,1.366691424871092e-05
2016-09-14,1.2480353652007428e-05
2016-09-15,1.1016440151670014e-05
2016-09-16,1.0818572767080903e-05
2016-09-19,9.433223573243221e-06
2016-09-20,1.1412145324772354e-05
2016-09-21,8.839354321896692e-06
2016-09-22,6.344132253934007e-06
2016-09-23,6.542223456275976e-06
2016-09-26,6.8591476327674e-06
2016-09-27,1.0106167535767699e-05
2016-09-28,1.0422808396907259e-05
2016-09-29,9.314456596831934e-06
2016-09-30,1.030407044502325e-05
2016-10-03,1.1412145324772354e-05
2016-10-04,1.2480353652007428e-05
2016-10-05,1.240123683859242e-05
2016-10-06,1.2282559250280143e-05
2016-10-07,1.2282559250280143e-05
2016-10-10,1.2203438493214119e-05
2016-10-11,1.2678138195324502e-05
2016-10-12,1.346917898276648e-05
2016-10-13,1.0897721140739604e-05
2016-10-14,1.1491281860398246e-05
2016-10-17,1.1689115705654794e-05
2016-10-18,1.3192332820605761e-05
2016-10-19,1.2796805132746039e-05
2016-10-20,1.2678138195324502e-05
2016-10-21,1.2480353652007428e-05
2016-10-24,1.240123683859242e-05
2016-10-25,1.2875912881214046e-05
2016-10-26,1.240123683859242e-05
2016-10-27,1.0897721140739604e-05
2016-10-28,1.0818572767080903e-05
2016-10-31,1.1689115705654794e-05
2016-11-01,1.366691424871092e-05
2016-11-02,1.366691424871092e-05
2016-11-03,1.4180980775570806e-05
2016-11-04,1.4180980775570806e-05
2016-11-07,1.5446089574795332e-05
2016-11-08,1.663176384081863e-05
2016-11-09,1.655273093113622e-05
2016-11-10,1.813311014718068e-05
2016-11-11,1.813311014718068e-05
2016-11-14,1.991028579579907e-05
2016-11-15,1.9317981950121033e-05
2016-11-16,1.793559730893949e-05
2016-11-17,1.663176384081863e-05
2016-11-18,1.655273093113622e-05
2016-11-21,1.663176384081863e-05
2016-11-22,1.8804580507343558e-05
2016-11-23,1.9199511042102824e-05
2016-11-25,1.9002050099291034e-05
2016-11-28,1.781708394514604e-05
2016-11-29,1.8528106333550525e-05
2016-11-30,1.8528106333550525e-05
2016-12-01,1.813311014718068e-05
2016-12-02,1.8014603859397287e-05
2016-12-05,1.793559730893949e-05
2016-12-06,1.9199511042102824e-05
2016-12-07,1.9317981950121033e-05
2016-12-08,1.939696098285068e-05
2016-12-09,2.0581454355364637e-05
2016-12-12,1.97918313930122e-05
2016-12-13,2.0699885190200402e-05
2016-12-14,2.0699885190200402e-05
2016-12-15,1.9317981950121033e-05
2016-12-16,1.9199511042102824e-05
2016-12-19,1.892306320629279e-05
2016-12-20,2.030510513221662e-05
2016-12-21,1.991028579579907e-05
2016-12-22,1.9515425996300933e-05
2016-12-23,1.97918313930122e-05
2016-12-27,1.9594401099494624e-05
2016-12-28,1.9594401099494624e-05
2016-12-29,1.742201697442651e-05
2016-12-30,1.9002050099291034e-05
2017-01-03,1.8804580507343558e-05
2017-01-04,2.0502500070524274e-05
2017-01-05,2.0107700374300557e-05
2017-01-06,1.991028579579907e-05
2017-01-09,1.9199511042102824e-05
2017-01-10,1.991028579579907e-05
2017-01-11,1.971286021896347e-05
2017-01-12,1.991028579579907e-05
2017-01-13,2.030510513221662e-05
2017-01-17,2.030510513221662e-05
2017-01-18,2.0384063344579988e-05
2017-01-19,1.991028579579907e-05
2017-01-20,1.9002050099291034e-05
2017-01-23,1.8725589683635995e-05
2017-01-24,1.9515425996300933e-05
2017-01-25,1.9120528079446152e-05
2017-01-26,1.9317981950121033e-05
2017-01-27,1.971286021896347e-05
2017-01-30,1.9594401099494624e-05
2017-01-31,1.97918313930122e-05
2017-02-01,1.97918313930122e-05
2017-02-02,1.9317981950121033e-05
2017-02-03,1.9317981950121033e-05
2017-02-06,1.991028579579907e-05
2017-02-07,2.0778835547908457e-05
2017-02-08,2.0778835547908457e-05
2017-02-09,2.089726049222173e-05
2017-02-10,2.0699885190200402e-05
2017-02-13,2.0699885190200402e-05
2017-02-14,2.117357083485703e-05
2017-02-15,2.0581454355364637e-05
2017-02-16,2.0107700374300557e-05
2017-02-17,2.0107700374300557e-05
2017-02-21,1.9989251864380807e-05
2017-02-22,2.01866625145777e-05
2017-02-23,1.971286021896347e-05
2017-02-24,1.971286021896347e-05
2017-02-27,1.939696098285068e-05
2017-02-28,2.0699885190200402e-05
2017-03-01,2.433002390882828e-05
2017-03-02,2.5513045934092248e-05
2017-03-03,2.701103766804328e-05
2017-03-06,2.78780348056689e-05
2017-03-07,2.9060002070590264e-05
2017-03-08,2.7996248080518653e-05
2017-03-09,2.8193260814273928e-05
2017-03-10,2.8666052881040004e-05
2017-03-13,2.8784240335543236e-05
2017-03-14,2.9769013010170143e-05
2017-03-15,2.827206222975171e-05
2017-03-16,2.7996248080518653e-05
2017-03-17,2.7996248080518653e-05
2017-03-20,2.807505340832505e-05
2017-03-21,2.9769013010170143e-05
2017-03-22,2.9572078494523755e-05
2017-03-23,2.9572078494523755e-05
2017-03-24,2.9572078494523755e-05
2017-03-27,2.996593775293426e-05
2017-03-28,3.055665335363139e-05
2017-03-29,2.984778314095144e-05
2017-03-30,2.996593775293426e-05
2017-03-31,2.91781777927679e-05
2017-04-03,2.9256962000317384e-05
2017-04-04,3.083228960505038e-05
2017-04-05,3.083228960505038e-05
2017-04-06,3.114728103329624e-05
2017-04-07,3.154098398764456e-05
2017-04-10,3.114728103329624e-05
2017-04-11,3.161972129936531e-05
2017-04-12,3.134413739303392e-05
2017-04-13,3.12260261571033e-05
2017-04-17,3.12260261571033e-05
2017-04-18,3.181655422435577e-05
2017-04-19,3.102916393789421e-05
2017-04-20,3.0438516329136004e-05
2017-04-21,3.016285272378602e-05
2017-04-24,3.0438516329136004e-05
2017-04-25,3.193465023166521e-05
2017-04-26,3.173782081809695e-05
2017-04-27,3.102916393789421e-05
2017-04-28,3.083228960505038e-05
2017-05-01,3.102916393789421e-05
2017-05-02,3.3312166413712965e-05
2017-05-03,3.350891541019498e-05
2017-05-04,3.3784349025089646e-05
2017-05-05,3.4295813861007934e-05
2017-05-08,3.4374496531448824e-05
2017-05-09,3.516122337463228e-05
2017-05-10,3.457119286516469e-05
2017-05-11,3.3981074612378056e-05
2017-05-12,3.3784349025089646e-05
2017-05-15,3.4099103876637896e-05
2017-05-16,3.516122337463228e-05
2017-05-17,3.457119286516469e-05
2017-05-18,3.527921988735506e-05
2017-05-19,3.5082558646490565e-05
2017-05-22,3.468920692355968e-05
2017-05-23,3.606576740267896e-05
2017-05-24,3.575116616686965e-05
2017-05-25,3.586914513913663e-05
2017-05-26,3.594779662000567e-05
2017-05-30,3.594779662000567e-05
2017-05-31,3.752047084391935e-05
2017-06-01,3.7441852870910196e-05
2017-06-02,3.76383972260245e-05
2017-06-05,3.7441852870910196e-05
2017-06-06,3.783493184694069e-05
2017-06-07,3.842447731414137e-05
2017-06-08,3.842447731414137e-05
2017-06-09,3.869956996651617e-05
2017-06-12,3.842447731414137e-05
2017-06-13,3.8817458972290286e-05
2017-06-14,3.8817458972290286e-05
2017-06-15,3.921040171677776e-05
2017-06-16,3.8896052039349916e-05
2017-06-19,3.8896052039349916e-05
2017-06-20,3.921040171677776e-05
2017-06-21,3.822797189003518e-05
2017-06-22,3.685216139073479e-05
2017-06-23,3.685216139073479e-05
2017-06-26,3.685216139073479e-05
2017-06-27,3.90925243841537e-05
2017-06-28,3.8896052039349916e-05
2017-06-29,3.96033078970853e-05
2017-06-30,3.921040171677776e-05
2017-07-03,3.948543989352414e-05
2017-07-05,4.0271154218278326e-05
2017-07-06,3.9799745228909395e-05
2017-07-07,3.9799745228909395e-05
2017-07-10,3.9996172837133245e-05
2017-07-11,4.078178605327573e-05
2017-07-12,4.0388998886630406e-05
2017-07-13,3.9996172837133245e-05
2017-07-14,3.9799745228909395e-05
2017-07-17,4.0271154218278326e-05
2017-07-18,4.105671300238502e-05
2017-07-19,4.282365656973749e-05
2017-07-20,4.3922689205349344e-05
2017-07-21,4.490371036300137e-05
2017-07-24,4.537451345220304e-05
2017-07-25,4.5099885494837024e-05
2017-07-26,4.3216202834032455e-05
2017-07-27,4.254884733420163e-05
2017-07-28,4.156724376879527e-05
2017-07-31,4.156724376879527e-05
2017-08-01,4.1763583907916044e-05
2017-08-02,4.1449434085937526e-05
2017-08-03,4.1763583907916044e-05
2017-08-04,4.156724376879527e-05
2017-08-07,4.078178605327573e-05
2017-08-08,4.0663953049063645e-05
2017-08-09,4.0467558493835005e-05
2017-08-10,4.0192590722719435e-05
2017-08-11,3.9996172837133245e-05
2017-08-14,3.96033078970853e-05
2017-08-15,3.9799745228909395e-05
2017-08-16,3.8896052039349916e-05
2017-08-17,3.862097300790521e-05
2017-08-18,3.9013935208260037e-05
2017-08-21,3.8110063027543416e-05
2017-08-22,3.9288987001890734e-05
2017-08-23,3.869956996651617e-05
2017-08-24,3.9406860840698226e-05
2017-08-25,3.9288987001890734e-05
2017-08-28,3.9681883060016855e-05
2017-08-29,3.987831650233171e-05
2017-08-30,3.9406860840698226e-05
2017-08-31,3.862097300790521e-05
2017-09-01,3.8896052039349916e-05
2017-09-05,3.8817458972290286e-05
2017-09-06,4.097816505793425e-05
2017-09-07,4.0388998886630406e-05
2017-09-08,4.0271154218278326e-05
2017-09-11,4.0271154218278326e-05
2017-09-12,4.0192590722719435e-05
2017-09-13,4.0192590722719435e-05
2017-09-14,4.058539732982845e-05
2017-09-15,3.987831650233171e-05
2017-09-18,3.948543989352414e-05
2017-09-19,4.0192590722719435e-05
2017-09-20,4.0271154218278326e-05
2017-09-21,3.9799745228909395e-05
2017-09-22,3.96033078970853e-05
2017-09-25,3.9406860840698226e-05
2017-09-26,4.1174534344765886e-05
2017-09-27,4.097816505793425e-05
2017-09-28,4.0663953049063645e-05
2017-09-29,4.058539732982845e-05
2017-10-02,3.9996172837133245e-05
2017-10-03,4.086033788492633e-05
2017-10-04,4.1174534344765886e-05
2017-10-05,4.1174534344765886e-05
2017-10-06,4.1174534344765886e-05
2017-10-09,4.125307840240153e-05
2017-10-10,4.1645780053954534e-05
2017-10-11,4.2156235045176235e-05
2017-10-12,4.156724376879527e-05
2017-10-13,4.1449434085937526e-05
2017-10-16,4.1645780053954534e-05
2017-10-17,4.2352546045237825e-05
2017-10-18,4.2156235045176235e-05
2017-10-19,4.203844752795513e-05
2017-10-20,4.243107147027331e-05
2017-10-23,4.2234764354951365e-05
2017-10-24,4.33339600774416e-05
2017-10-25,4.2745138913028356e-05
2017-10-26,4.262736887488181e-05
2017-10-27,4.2352546045237825e-05
2017-10-30,4.243107147027331e-05
2017-10-31,4.43151267719417e-05
2017-11-01,4.490371036300137e-05
2017-11-02,4.490371036300137e-05
2017-11-03,4.529605092901214e-05
2017-11-06,4.568835270821555e-05
2017-11-07,4.686502540165197e-05
2017-11-08,4.713953590636695e-05
2017-11-09,4.745323093343936e-05
2017-11-10,4.733560054149509e-05
2017-11-13,4.674737289693629e-05
2017-11-14,4.890376898028292e-05
2017-11-15,4.8511784964231355e-05
2017-11-16,4.8511784964231355e-05
2017-11-17,4.890376898028292e-05
2017-11-20,4.890376898028292e-05
2017-11-21,5.039295614745722e-05
2017-11-22,4.988355965312687e-05
2017-11-24,4.890376898028292e-05
2017-11-27,4.8237374047347674e-05
2017-11-28,4.988355965312687e-05
2017-11-29,4.960924358347476e-05
2017-11-30,4.882537620916094e-05
2017-12-01,4.87077818122784e-05
2017-12-04,4.9099746469201026e-05
2017-12-05,5.05888601065038e-05
2017-12-06,4.980518623555016e-05
2017-12-07,4.9687620870996e-05
2017-12-08,4.941329125575381e-05
2017-12-11,4.980518623555016e-05
2017-12-12,5.164657346305165e-05
2017-12-13,5.019704251658614e-05
2017-12-14,5.05888601065038e-05
2017-12-15,5.0667218048123226e-05
2017-12-18,5.184242021420204e-05
2017-12-19,5.333050519345215e-05
2017-12-20,5.3213044226827286e-05
2017-12-21,5.203825263123216e-05
2017-12-22,5.1176513962244955e-05
2017-12-26,5.137237924354121e-05
2017-12-27,5.548332319517552e-05
2017-12-28,5.399604544942928e-05
2017-12-29,5.3408809017226963e-05
2018-01-02,5.43092036171414e-05
2018-01-03,5.399604544942928e-05
2018-01-04,5.399604544942928e-05
2018-01-05,5.399604544942928e-05
2018-01-08,5.4387488131259107e-05
2018-01-09,5.5757233517905935e-05
2018-01-10,5.497457976359103e-05
2018-01-11,5.528766072199402e-05
2018-01-12,5.5561584550271996e-05
2018-01-16,5.497457976359103e-05
2018-01-17,5.5757233517905935e-05
2018-01-18,5.536592593597578e-05
2018-01-19,5.528766072199402e-05
2018-01-22,5.4778892203599436e-05
2018-01-23,5.567897602131422e-05
2018-01-24,5.5561584550271996e-05
2018-01-25,5.489630683069698e-05
2018-01-26,5.4700615410678257e-05
2018-01-29,5.4191771617006445e-05
2018-01-30,5.614850251699153e-05
2018-01-31,5.634412255034514e-05
2018-02-01,5.724385145100231e-05
2018-02-02,5.7126510927596125e-05
2018-02-05,5.7439417496544704e-05
2018-02-06,5.8612616075936055e-05
2018-02-07,5.966819319522611e-05
2018-02-08,5.966819319522611e-05
2018-02-09,6.005907678346353e-05
2018-02-12,6.0449921872418345e-05
2018-02-13,6.181758126877619e-05
2018-02-14,6.103611733628305e-05
2018-02-15,6.14268662102024e-05
2018-02-16,6.181758126877619e-05
2018-02-20,6.193478316212011e-05
2018-02-21,6.330193098464838e-05
2018-02-22,6.318476480768682e-05
2018-02-23,6.318476480768682e-05
2018-02-26,6.330193098464838e-05
2018-02-27,6.435626162301834e-05
2018-02-28,6.369245682146618e-05
2018-03-01,6.259888668223846e-05
2018-03-02,6.318476480768682e-05
2018-03-05,6.396580111064801e-05
2018-03-06,6.466860330384992e-05
2018-03-07,6.494188036395136e-05
2018-03-08,6.435626162301834e-05
2018-03-09,6.435626162301834e-05
2018-03-12,6.466860330384992e-05
2018-03-13,6.650311260972123e-05
2018-03-14,6.759560750076485e-05
2018-03-15,6.818074842253677e-05
2018-03-16,6.837577622419704e-05
2018-03-19,6.798571103537287e-05
2018-03-20,6.91557915946426e-05
2018-03-21,6.728349612884817e-05
2018-03-22,6.622993839547974e-05
2018-03-23,6.642506209482493e-05
2018-03-26,6.708841463618292e-05
2018-03-27,6.818074842253677e-05
2018-03-28,6.66982228775626e-05
2018-03-29,6.572257093997616e-05
2018-04-02,6.622993839547974e-05
2018-04-03,6.740054135143571e-05
2018-04-04,6.564450972407241e-05
2018-04-05,6.591771958815534e-05
2018-04-06,6.611285863989175e-05
2018-04-09,6.591771958815534e-05
2018-04-10,6.66982228775626e-05
2018-04-11,6.662017620018083e-05
2018-04-12,6.708841463618292e-05
2018-04-13,6.759560750076485e-05
2018-04-16,6.740054135143571e-05
2018-04-17,6.903879813317099e-05
2018-04-18,6.962372630290175e-05
2018-04-19,7.013059524688461e-05
2018-04-20,6.942875982611491e-05
2018-04-23,7.013059524688461e-05
2018-04-24,7.168978318277071e-05
2018-04-25,7.137799831901233e-05
2018-04-26,7.020856826581657e-05
2018-04-27,6.962372630290175e-05
2018-04-30,6.935077148291414e-05
2018-05-01,7.118311336897293e-05
2018-05-02,7.020856826581657e-05
2018-05-03,7.032552724530386e-05
2018-05-04,7.052044966857547e-05
2018-05-07,7.052044966857547e-05
2018-05-08,7.215742384216112e-05
2018-05-09,7.254707920211006e-05
2018-05-10,7.254707920211006e-05
2018-05-11,7.31314905111356e-05
2018-05-14,7.293669630432813e-05
2018-05-15,7.371581576561671e-05
2018-05-16,7.332627515632713e-05
2018-05-17,7.324836337438625e-05
2018-05-18,7.293669630432813e-05
2018-05-21,7.324836337438625e-05
2018-05-22,7.441689344320078e-05
2018-05-23,7.36379116315259e-05
2018-05-24,7.31314905111356e-05
2018-05-25,7.285877687303546e-05
2018-05-29,7.235225630482154e-05
2018-05-30,7.38326714208628e-05
2018-05-31,7.352105024084134e-05
2018-06-01,7.344314228301318e-05
2018-06-04,7.332627515632713e-05
2018-06-05,7.480632701274509e-05
2018-06-06,7.46895000262487e-05
2018-06-07,7.410531813970425e-05
2018-06-08,7.391057173159161e-05
2018-06-11,7.344314228301318e-05
2018-06-12,7.422216232576219e-05
2018-06-13,7.44947822860949e-05
2018-06-14,7.40274216519622e-05
2018-06-15,7.422216232576219e-05
2018-06-18,7.40274216519622e-05
2018-06-19,7.461161500521584e-05
2018-06-20,7.422216232576219e-05
2018-06-21,7.430005499089269e-05
2018-06-22,7.352105024084134e-05
2018-06-25,7.285877687303546e-05
2018-06-26,7.441689344320078e-05
2018-06-27,7.391057173159161e-05
2018-06-28,7.391057173159161e-05
2018-06-29,7.391057173159161e-05
2018-07-02,7.44947822860949e-05
2018-07-03,7.597439846621337e-05
2018-07-05,7.507890684516147e-05
2018-07-06,7.488420821229171e-05
2018-07-09,7.527359592579537e-05
2018-07-10,7.605225674471537e-05
2018-07-11,7.546827545513066e-05
2018-07-12,7.577974376591463e-05
2018-07-13,7.577974376591463e-05
2018-07-16,7.616904361858647e-05
2018-07-17,7.760912479893568e-05
2018-07-18,7.702537259507926e-05
2018-07-19,7.655830528330208e-05
2018-07-20,7.597439846621337e-05
2018-07-23,7.546827545513066e-05
2018-07-24,7.702537259507926e-05
2018-07-25,7.675292179751741e-05
2018-07-26,7.644153450539625e-05
2018-07-27,7.644153450539625e-05
2018-07-30,7.644153450539625e-05
2018-07-31,7.799824523296877e-05
2018-08-01,7.772586586338577e-05
2018-08-02,7.721996620465314e-05
2018-08-03,7.702537259507926e-05
2018-08-06,7.73367187180549e-05
2018-08-07,7.889307374387234e-05
2018-08-08,7.889307374387234e-05
2018-08-09,7.87763762877616e-05
2018-08-10,7.858185434991949e-05
2018-08-13,7.838732751423559e-05
2018-08-14,7.986549328895169e-05
2018-08-15,7.935986634813819e-05
2018-08-16,7.916538228548179e-05
2018-08-17,7.838732751423559e-05
2018-08-20,7.830951503746245e-05
2018-08-21,7.994327989740638e-05
2018-08-22,7.994327989740638e-05
2018-08-23,7.986549328895169e-05
2018-08-24,8.044883251103765e-05
2018-08-27,8.091543288523385e-05
2018-08-28,8.161524449457046e-05
2018-08-29,8.169298754362983e-05
2018-08-30,8.083767460126627e-05
2018-08-31,8.072102504779452e-05
2018-09-04,8.122647859328893e-05
2018-09-05,8.208170774641734e-05
2018-09-06,8.169298754362983e-05
2018-09-07,8.200397231257363e-05
2018-09-10,8.180960852951439e-05
2018-09-11,8.278131372858451e-05
2018-09-12,8.266472129657037e-05
2018-09-13,8.219831730913005e-05
2018-09-14,8.258698801665718e-05
2018-09-17,8.278131372858451e-05
2018-09-18,8.344193330188726e-05
2018-09-19,8.324763993865214e-05
2018-09-20,8.31699273415067e-05
2018-09-21,8.336421524527237e-05
2018-09-24,8.336421524527237e-05
2018-09-25,8.511242475337626e-05
2018-09-26,8.480169276330129e-05
2018-09-27,8.402474705741703e-05
2018-09-28,8.441323892516495e-05
2018-10-01,8.460746596673422e-05
2018-10-02,8.538429760144014e-05
2018-10-03,8.51901085792707e-05
2018-10-04,8.51901085792707e-05
2018-10-05,8.499590079330988e-05
2018-10-08,8.499590079330988e-05
2018-10-09,8.577265639856642e-05
2018-10-10,8.713161758702739e-05
2018-10-11,8.69375047983033e-05
2018-10-12,8.705397175981803e-05
2018-10-15,8.751980542621264e-05
2018-10-16,8.868414115278593e-05
2018-10-17,8.868414115278593e-05
2018-10-18,8.849011354737605e-05
2018-10-19,8.868414115278593e-05
2018-10-22,8.860652569777e-05
2018-10-23,8.984813534878972e-05
2018-10-24,8.965416464987002e-05
2018-10-25,8.946017521892829e-05
2018-10-26,8.918858148340989e-05
2018-10-29,8.868414115278593e-05
2018-10-30,8.957656816550227e-05
2018-10-31,8.938258419143262e-05
2018-11-01,8.907217715606654e-05
2018-11-02,8.918858148340989e-05
2018-11-05,8.899456929038668e-05
2018-11-06,9.06239418391751e-05
2018-11-07,9.06239418391751e-05
2018-11-08,9.03524277447773e-05
2018-11-09,9.023605755306726e-05
2018-11-12,9.023605755306726e-05
2018-11-13,9.004210581556049e-05
2018-11-14,9.120570181102354e-05
2018-11-15,9.06239418391751e-05
2018-11-16,9.023605755306726e-05
2018-11-19,9.023605755306726e-05
2018-11-20,9.159349133367827e-05
2018-11-21,9.217509995011755e-05
2018-11-23,9.209756198974267e-05
2018-11-26,9.190369197125312e-05
2018-11-27,9.229141329357387e-05
2018-11-28,9.159349133367827e-05
2018-11-29,9.06239418391751e-05
2018-11-30,9.054637356362308e-05
2018-12-03,8.977055190675813e-05
2018-12-04,9.275663257783609e-05
2018-12-06,9.229141329357387e-05
2018-12-07,9.178736726258988e-05
2018-12-10,9.139959668652762e-05
2018-12-11,9.295045168918037e-05
2018-12-12,9.314427057596082e-05
2018-12-13,9.267909673698394e-05
2018-12-14,9.287292887750997e-05
2018-12-17,9.178736726258988e-05
2018-12-18,9.132204357152671e-05
2018-12-19,9.170982172564239e-05
2018-12-20,9.159349133367827e-05
2018-12-21,9.139959668652762e-05
2018-12-24,9.151593276261906e-05
2018-12-26,9.333807999663188e-05
2018-12-27,9.209756198974267e-05
2018-12-28,9.132204357152671e-05
2018-12-31,9.023605755306726e-05
2019-01-02,9.275663257783609e-05
2019-01-03,9.23689567096812e-05
2019-01-04,9.248526437123133e-05
2019-01-07,9.229141329357387e-05
2019-01-08,9.411320455808976e-05
2019-01-09,9.372566120313048e-05
2019-01-10,9.314427057596082e-05
2019-01-11,9.295045168918037e-05
2019-01-14,9.2562794756514e-05
2019-01-15,9.34543500166722e-05
2019-01-16,9.267909673698394e-05
2019-01-17,9.23689567096812e-05
2019-01-18,9.209756198974267e-05
2019-01-22,9.1981242964096e-05
2019-01-23,9.229141329357387e-05
2019-01-24,9.043000905937452e-05
2019-01-25,9.132204357152671e-05
2019-01-28,9.151593276261906e-05
2019-01-29,9.275663257783609e-05
2019-01-30,9.275663257783609e-05
2019-01-31,9.178736726258988e-05
2019-02-01,9.178736726258988e-05
2019-02-04,9.159349133367827e-05
2019-02-05,9.275663257783609e-05
2019-02-06,9.275663257783609e-05
2019-02-07,9.23689567096812e-05
2019-02-08,9.275663257783609e-05
2019-02-11,9.314427057596082e-05
2019-02-12,9.326055551597808e-05
2019-02-13,9.306674230888394e-05
2019-02-14,9.306674230888394e-05
2019-02-15,9.295045168918037e-05
2019-02-19,9.306674230888394e-05
2019-02-20,9.34543500166722e-05
2019-02-21,9.391943299170924e-05
2019-02-22,9.38419198677449e-05
2019-02-25,9.38419198677449e-05
2019-02-26,9.411320455808976e-05
2019-02-27,9.38419198677449e-05
2019-02-28,9.34543500166722e-05
2019-03-01,9.326055551597808e-05
2019-03-04,9.314427057596082e-05
2019-03-05,9.411320455808976e-05
2019-03-06,9.43069574241223e-05
2019-03-07,9.391943299170924e-05
2019-03-08,9.38419198677449e-05
2019-03-11,9.333807999663188e-05
2019-03-12,9.391943299170924e-05
2019-03-13,9.364814429403285e-05
2019-03-14,9.364814429403285e-05
2019-03-15,9.364814429403285e-05
2019-03-18,9.353187071145328e-05
2019-03-19,9.43069574241223e-05
2019-03-20,9.442320829848087e-05
2019-03-21,9.442320829848087e-05
2019-03-22,9.403569521906948e-05
2019-03-25,9.372566120313048e-05
2019-03-26,9.43069574241223e-05
2019-03-27,9.326055551597808e-05
2019-03-28,9.295045168918037e-05
2019-03-29,9.132204357152671e-05
2019-04-01,9.112813566026679e-05
2019-04-02,9.295045168918037e-05
2019-04-03,9.306674230888394e-05
2019-04-04,9.295045168918037e-05
2019-04-05,9.295045168918037e-05
2019-04-08,9.275663257783609e-05
2019-04-09,9.275663257783609e-05
2019-04-10,9.267909673698394e-05
2019-04-11,9.275663257783609e-05
2019-04-12,9.314427057596082e-05
2019-04-15,9.2562794756514e-05
2019-04-16,9.326055551597808e-05
2019-04-17,9.333807999663188e-05
2019-04-18,9.275663257783609e-05
2019-04-22,9.314427057596082e-05
2019-04-23,9.372566120313048e-05
2019-04-24,9.314427057596082e-05
2019-04-25,9.275663257783609e-05
2019-04-26,9.2562794756514e-05
2019-04-29,9.2562794756514e-05
2019-04-30,9.287292887750997e-05
2019-05-01,9.267909673698394e-05
2019-05-02,9.306674230888394e-05
2019-05-03,9.287292887750997e-05
2019-05-06,9.267909673698394e-05
2019-05-07,9.287292887750997e-05
2019-05-08,9.295045168918037e-05
2019-05-09,9.295045168918037e-05
2019-05-10,9.295045168918037e-05
2019-05-13,9.217509995011755e-05
2019-05-14,9.229141329357387e-05
2019-05-15,9.217509995011755e-05
2019-05-16,9.170982172564239e-05
2019-05-17,9.139959668652762e-05
2019-05-20,9.101178821452527e-05
2019-05-21,9.139959668652762e-05
2019-05-22,9.101178821452527e-05
2019-05-23,9.03524277447773e-05
2019-05-24,8.977055190675813e-05
2019-05-28,9.015848169501675e-05
2019-05-29,9.015848169501675e-05
2019-05-30,9.06239418391751e-05
2019-05-31,8.996451691681948e-05
2019-06-03,8.946017521892829e-05
2019-06-04,9.004210581556049e-05
2019-06-05,8.965416464987002e-05
2019-06-06,8.849011354737605e-05
2019-06-07,8.69375047983033e-05
2019-06-10,8.713161758702739e-05
2019-06-11,8.685986442902245e-05
2019-06-12,8.499590079330988e-05
2019-06-13,8.402474705741703e-05
2019-06-14,8.344193330188726e-05
2019-06-17,8.394704041445413e-05
2019-06-18,8.511242475337626e-05
2019-06-19,8.344193330188726e-05
2019-06-20,8.161524449457046e-05
2019-06-21,8.072102504779452e-05
2019-06-24,8.083767460126627e-05
2019-06-25,8.180960852951439e-05
2019-06-26,8.219831730913005e-05
2019-06-27,8.18873570386909e-05
2019-06-28,7.994327989740638e-05
2019-07-01,8.110984046858587e-05
2019-07-02,8.433553988938069e-05
2019-07-03,8.441323892516495e-05
2019-07-05,8.491822242615545e-05
2019-07-08,8.550081015733345e-05
2019-07-09,8.616097719212801e-05
2019-07-10,8.363621715261055e-05
2019-07-11,8.239266205475885e-05
2019-07-12,8.208170774641734e-05
2019-07-15,8.18873570386909e-05
2019-07-16,8.258698801665718e-05
2019-07-17,8.142086167035076e-05
2019-07-18,7.908758042685863e-05
2019-07-19,7.908758042685863e-05
2019-07-22,7.955435015287194e-05
2019-07-23,7.986549328895169e-05
2019-07-24,8.013772583998395e-05
2019-07-25,8.091543288523385e-05
2019-07-26,8.103207672417755e-05
2019-07-29,8.052659841469869e-05
2019-07-30,8.013772583998395e-05
2019-07-31,7.974881515362079e-05
2019-08-01,7.974881515362079e-05
2019-08-02,7.858185434991949e-05
2019-08-05,7.675292179751741e-05
2019-08-06,7.838732751423559e-05
2019-08-07,7.73367187180549e-05
2019-08-08,7.741455027229336e-05
2019-08-09,7.66361567463869e-05
2019-08-12,7.577974376591463e-05
2019-08-13,7.683076944263585e-05
2019-08-14,7.50010294667261e-05
2019-08-15,7.246915211996345e-05
2019-08-16,7.168978318277071e-05
2019-08-19,7.285877687303546e-05
2019-08-20,7.46895000262487e-05
2019-08-21,7.577974376591463e-05
2019-08-22,7.616904361858647e-05
2019-08-23,7.507890684516147e-05
2019-08-26,7.597439846621337e-05
2019-08-27,7.636367922397055e-05
2019-08-28,7.624690271872764e-05
2019-08-29,7.624690271872764e-05
2019-08-30,7.597439846621337e-05
2019-09-03,7.507890684516147e-05
2019-09-04,7.488420821229171e-05
2019-09-05,7.546827545513066e-05
2019-09-06,7.507890684516147e-05
2019-09-09,7.50010294667261e-05
2019-09-10,7.519572236809633e-05
2019-09-11,7.519572236809633e-05
2019-09-12,7.44947822860949e-05
2019-09-13,7.46895000262487e-05
2019-09-16,7.644153450539625e-05
2019-09-17,7.616904361858647e-05
2019-09-18,7.391057173159161e-05
2019-09-19,7.40274216519622e-05
2019-09-20,7.27418925349659e-05
2019-09-23,7.254707920211006e-05
2019-09-24,7.391057173159161e-05
2019-09-25,7.254707920211006e-05
2019-09-26,6.962372630290175e-05
2019-09-27,6.8063726210543e-05
2019-09-30,6.962372630290175e-05
2019-10-01,6.896080212557678e-05
2019-10-02,6.825875976343807e-05
2019-10-03,6.552741269441027e-05
2019-10-04,6.513706740734212e-05
2019-10-07,6.583966221104725e-05
2019-10-08,6.513706740734212e-05
2019-10-09,6.408294422943768e-05
2019-10-10,6.427817352496935e-05
2019-10-11,6.388770532858501e-05
2019-10-14,6.369245682146618e-05
2019-10-15,6.369245682146618e-05
2019-10-16,6.357530217472513e-05
2019-10-17,6.396580111064801e-05
2019-10-18,6.396580111064801e-05
2019-10-21,6.396580111064801e-05
2019-10-22,6.357530217472513e-05
2019-10-23,6.357530217472513e-05
2019-10-24,6.388770532858501e-05
2019-10-25,6.396580111064801e-05
2019-10-28,6.318476480768682e-05
2019-10-29,6.279418900196788e-05
2019-10-30,6.279418900196788e-05
2019-10-31,5.9003603650039606e-05
2019-11-01,5.8495311358953975e-05
2019-11-04,5.9199082991703984e-05
2019-11-05,5.978546324653164e-05
2019-11-06,5.966819319522611e-05
2019-11-07,5.978546324653164e-05
2019-11-08,5.947273696150611e-05
2019-11-11,5.9590012789001504e-05
2019-11-12,6.037175686602663e-05
2019-11-13,6.0449921872418345e-05
2019-11-14,6.0176335284096115e-05
2019-11-15,6.0176335284096115e-05
2019-11-18,5.99809040779138e-05
2019-11-19,6.005907678346353e-05
2019-11-20,5.9863639802229174e-05
2019-11-21,6.025450413987727e-05
2019-11-22,6.076257116092352e-05
2019-11-25,6.084072846967364e-05
2019-11-26,6.162223087704208e-05
2019-11-27,6.162223087704208e-05
2019-11-29,6.0645329982034576e-05
2019-12-02,6.056716882465318e-05
2019-12-03,6.056716882465318e-05
2019-12-04,5.9003603650039606e-05
2019-12-05,5.880811467843325e-05
2019-12-06,5.8299797345011555e-05
2019-12-09,5.9003603650039606e-05
2019-12-10,5.966819319522611e-05
2019-12-11,5.9863639802229174e-05
2019-12-12,6.025450413987727e-05
2019-12-13,5.99809040779138e-05
2019-12-16,6.005907678346353e-05
2019-12-17,6.025450413987727e-05
2019-12-18,5.978546324653164e-05
2019-12-19,6.037175686602663e-05
2019-12-20,6.0176335284096115e-05
2019-12-23,5.9863639802229174e-05
2019-12-24,6.056716882465318e-05
2019-12-26,6.0449921872418345e-05
2019-12-27,5.978546324653164e-05
2019-12-30,5.86908157404871e-05
2019-12-31,5.9277271100120795e-05
2020-01-02,5.888631049056001e-05
2020-01-03,5.802606247360888e-05
2020-01-06,5.8612616075936055e-05
2020-01-07,5.908179561012164e-05
2020-01-08,5.880811467843325e-05
2020-01-09,5.908179561012164e-05
2020-01-10,5.9003603650039606e-05
2020-01-13,5.947273696150611e-05
2020-01-14,6.025450413987727e-05
2020-01-15,5.93945527043751e-05
2020-01-16,5.978546324653164e-05
2020-01-17,5.99809040779138e-05
2020-01-21,5.9199082991703984e-05
2020-01-22,5.9590012789001504e-05
2020-01-23,5.966819319522611e-05
2020-01-24,5.86908157404871e-05
2020-01-27,5.9277271100120795e-05
2020-01-28,6.025450413987727e-05
2020-01-29,5.9863639802229174e-05
2020-01-30,6.0176335284096115e-05
2020-01-31,5.947273696150611e-05
2020-02-03,5.978546324653164e-05
2020-02-04,6.056716882465318e-05
2020-02-05,5.9863639802229174e-05
2020-02-06,6.025450413987727e-05
2020-02-07,5.978546324653164e-05
2020-02-10,5.9863639802229174e-05
2020-02-11,6.056716882465318e-05
2020-02-12,6.0449921872418345e-05
2020-02-13,6.084072846967364e-05
2020-02-14,6.0449921872418345e-05
2020-02-18,6.0449921872418345e-05
2020-02-19,6.076257116092352e-05
2020-02-20,6.056716882465318e-05
2020-02-21,5.978546324653164e-05
2020-02-24,5.9199082991703984e-05
2020-02-25,5.86908157404871e-05
2020-02-26,5.8221589974473074e-05
2020-02-27,5.497457976359103e-05
2020-02-28,4.8511784964231355e-05
2020-03-02,4.478599969313635e-05
2020-03-03,3.626237992430474e-05
2020-03-04,2.669571772950999e-05
2020-03-05,2.354114657745337e-05
2020-03-06,1.643417625971594e-05
2020-03-09,1.307367888940057e-05
2020-03-10,1.5446089574795332e-05
2020-03-11,1.4576370529454035e-05
2020-03-12,1.0818572767080903e-05
2020-03-13,9.631160045254642e-06
2020-03-16,7.334487624664482e-06
2020-03-17,6.542223456275976e-06
2020-03-18,1.1904583440381864e-07
2020-03-19,-1.1112667300157318e-06
2020-03-20,-1.30973992140173e-06
2020-03-23,-1.5876190968073847e-06
2020-03-24,-1.30973992140173e-06
2020-03-25,-2.7787504657766345e-06
2020-03-26,-4.168855568897299e-06
2020-03-27,-2.3022549538359194e-06
2020-03-30,5.158394976750886e-07
2020-03-31,1.1902976281526348e-06
2020-04-01,2.499212870777966e-06
2020-04-02,2.57852705424878e-06
2020-04-03,2.3009200330532894e-06
2020-04-06,2.38023832763735e-06
2020-04-07,5.076117298013023e-06
2020-04-08,7.334487624664482e-06
2020-04-09,8.324595304438166e-06
2020-04-13,7.92858211276148e-06
2020-04-14,6.542223456275976e-06
2020-04-15,4.56087014825058e-06
2020-04-16,4.362680306932732e-06
2020-04-17,4.085198076000216e-06
2020-04-20,2.776806020839244e-06
2020-04-21,3.886984475775201e-06
2020-04-22,3.6887612697037846e-06
2020-04-23,3.6887612697037846e-06
2020-04-24,3.966271222102413e-06
2020-04-27,3.6887612697037846e-06
2020-04-28,3.37158318853581e-06
2020-04-29,3.56982253399493e-06
2020-04-30,3.56982253399493e-06
2020-05-01,3.6887612697037846e-06
2020-05-04,3.56982253399493e-06
2020-05-05,4.362680306932732e-06
2020-05-06,4.28340177598465e-06
2020-05-07,3.768051681264206e-06
2020-05-08,3.768051681264206e-06
2020-05-11,4.164480566758768e-06
2020-05-12,4.877953189088318e-06
2020-05-13,4.56087014825058e-06
2020-05-14,4.164480566758768e-06
2020-05-15,4.085198076000216e-06
2020-05-18,4.164480566758768e-06
2020-05-19,4.67977918387787e-06
2020-05-20,4.67977918387787e-06
2020-05-21,4.362680306932732e-06
2020-05-22,4.362680306932732e-06
2020-05-26,4.67977918387787e-06
2020-05-27,5.3535302494737205e-06
2020-05-28,5.4724152404573916e-06
2020-05-29,5.076117298013023e-06
2020-06-01,5.076117298013023e-06
2020-06-02,5.749800489847805e-06
2020-06-03,5.8686742001769365e-06
2020-06-04,5.551670316109018e-06
2020-06-05,5.749800489847805e-06
2020-06-08,6.066788547318249e-06
2020-06-09,6.542223456275976e-06
2020-06-10,6.542223456275976e-06
2020-06-11,6.066788547318249e-06
2020-06-12,5.9479213621081894e-06
2020-06-15,6.146031752987827e-06
2020-06-16,6.344132253934007e-06
2020-06-17,6.542223456275976e-06
2020-06-18,5.551670316109018e-06
2020-06-19,5.670549961719574e-06
2020-06-22,5.551670316109018e-06
2020-06-23,5.551670316109018e-06
2020-06-24,5.3535302494737205e-06
2020-06-25,5.155379698405725e-06
2020-06-26,5.27427121637507e-06
2020-06-29,4.957219842983828e-06
2020-06-30,5.3535302494737205e-06
2020-07-01,5.155379698405725e-06
2020-07-02,5.27427121637507e-06
2020-07-06,5.076117298013023e-06
2020-07-07,5.551670316109018e-06
2020-07-08,5.3535302494737205e-06
2020-07-09,4.877953189088318e-06
2020-07-10,4.75904979639744e-06
2020-07-13,4.957219842983828e-06
2020-07-14,5.27427121637507e-06
2020-07-15,4.957219842983828e-06
2020-07-16,4.085198076000216e-06
2020-07-17,4.164480566758768e-06
2020-07-20,4.164480566758768e-06
2020-07-21,4.362680306932732e-06
2020-07-22,3.966271222102413e-06
2020-07-23,4.085198076000216e-06
2020-07-24,3.886984475775201e-06
2020-07-27,3.6887612697037846e-06
2020-07-28,4.085198076000216e-06
2020-07-29,3.56982253399493e-06
2020-07-30,3.37158318853581e-06
2020-07-31,3.2922845591779216e-06
2020-08-03,3.0940316435406e-06
2020-08-04,3.56982253399493e-06
2020-08-05,3.768051681264206e-06
2020-08-06,3.4905278660449837e-06
2020-08-07,3.4905278660449837e-06
2020-08-10,3.4905278660449837e-06
2020-08-11,3.966271222102413e-06
2020-08-12,3.966271222102413e-06
2020-08-13,3.56982253399493e-06
2020-08-14,3.4905278660449837e-06
2020-08-17,3.37158318853581e-06
2020-08-18,3.966271222102413e-06
2020-08-19,3.768051681264206e-06
2020-08-20,3.4905278660449837e-06
2020-08-21,3.4905278660449837e-06
2020-08-24,3.37158318853581e-06
2020-08-25,3.768051681264206e-06
2020-08-26,3.6887612697037846e-06
2020-08-27,3.768051681264206e-06
2020-08-28,3.768051681264206e-06
2020-08-31,3.768051681264206e-06
2020-09-01,3.966271222102413e-06
2020-09-02,3.966271222102413e-06
2020-09-03,3.966271222102413e-06
2020-09-04,4.085198076000216e-06
2020-09-08,4.28340177598465e-06
2020-09-09,4.164480566758768e-06
2020-09-10,4.085198076000216e-06
2020-09-11,4.085198076000216e-06
2020-09-14,3.966271222102413e-06
2020-09-15,3.966271222102413e-06
2020-09-16,3.966271222102413e-06
2020-09-17,3.37158318853581e-06
2020-09-18,3.2922845591779216e-06
2020-09-21,3.1733339392747315e-06
2020-09-22,3.4905278660449837e-06
2020-09-23,3.4905278660449837e-06
2020-09-24,3.6887612697037846e-06
2020-09-25,3.56982253399493e-06
2020-09-28,3.4905278660449837e-06
2020-09-29,3.37158318853581e-06
2020-09-30,3.37158318853581e-06
2020-10-01,3.2922845591779216e-06
2020-10-02,3.37158318853581e-06
2020-10-05,3.37158318853581e-06
2020-10-06,3.4905278660449837e-06
2020-10-07,3.4905278660449837e-06
2020-10-08,3.4905278660449837e-06
2020-10-09,3.6887612697037846e-06
2020-10-12,3.56982253399493e-06
2020-10-13,3.6887612697037846e-06
2020-10-14,3.966271222102413e-06
2020-10-15,3.768051681264206e-06
2020-10-16,3.56982253399493e-06
2020-10-19,3.56982253399493e-06
2020-10-20,3.768051681264206e-06
2020-10-21,3.56982253399493e-06
2020-10-22,3.37158318853581e-06
2020-10-23,3.2922845591779216e-06
2020-10-26,3.1733339392747315e-06
2020-10-27,3.56982253399493e-06
2020-10-28,3.56982253399493e-06
2020-10-29,3.2922845591779216e-06
2020-10-30,3.2922845591779216e-06
2020-11-02,3.2922845591779216e-06
2020-11-03,3.56982253399493e-06
2020-11-04,3.2922845591779216e-06
2020-11-05,3.37158318853581e-06
2020-11-06,3.2922845591779216e-06
2020-11-09,3.4905278660449837e-06
2020-11-10,3.56982253399493e-06
2020-11-11,3.56982253399493e-06
2020-11-12,3.37158318853581e-06
2020-11-13,3.2922845591779216e-06
2020-11-16,2.9750750806584655e-06
2020-11-17,3.1733339392747315e-06
2020-11-18,2.9750750806584655e-06
2020-11-19,2.38023832763735e-06
2020-11-20,2.3009200330532894e-06
2020-11-23,2.776806020839244e-06
2020-11-24,3.1733339392747315e-06
2020-11-25,3.1733339392747315e-06
2020-11-27,2.8957685273030533e-06
2020-11-30,2.9750750806584655e-06
2020-12-01,3.1733339392747315e-06
2020-12-02,2.9750750806584655e-06
2020-12-03,2.9750750806584655e-06
2020-12-04,2.9750750806584655e-06
2020-12-07,2.776806020839244e-06
2020-12-08,2.697495800345277e-06
2020-12-09,2.776806020839244e-06
2020-12-10,2.776806020839244e-06
2020-12-11,2.57852705424878e-06
2020-12-14,2.38023832763735e-06
2020-12-15,2.776806020839244e-06
2020-12-16,2.9750750806584655e-06
2020-12-17,3.1733339392747315e-06
2020-12-18,3.1733339392747315e-06
2020-12-21,3.0940316435406e-06
2020-12-22,3.0940316435406e-06
2020-12-23,2.9750750806584655e-06
2020-12-24,2.9750750806584655e-06
2020-12-28,3.1733339392747315e-06
2020-12-29,3.56982253399493e-06
2020-12-30,2.776806020839244e-06
2020-12-31,2.57852705424878e-06
2021-01-04,2.697495800345277e-06
2021-01-05,3.0940316435406e-06
2021-01-06,3.0940316435406e-06
2021-01-07,3.1733339392747315e-06
2021-01-08,3.1733339392747315e-06
2021-01-11,3.1733339392747315e-06
2021-01-12,3.1733339392747315e-06
2021-01-13,3.1733339392747315e-06
2021-01-14,2.9750750806584655e-06
2021-01-15,2.9750750806584655e-06
2021-01-19,2.8957685273030533e-06
2021-01-20,2.9750750806584655e-06
2021-01-21,2.8957685273030533e-06
2021-01-22,2.776806020839244e-06
2021-01-25,2.776806020839244e-06
2021-01-26,2.697495800345277e-06
2021-01-27,2.38023832763735e-06
2021-01-28,2.1819396922891777e-06
2021-01-29,1.904304924686736e-06
2021-02-01,1.904304924686736e-06
2021-02-02,1.9836311472139092e-06
2021-02-03,1.5869841761500534e-06
2021-02-04,1.1902976281526348e-06
2021-02-05,9.125934702456318e-07
2021-02-08,7.935714214159216e-07
2021-02-09,1.3093077785257402e-06
2021-02-10,1.3886458959425038e-06
2021-02-11,1.3886458959425038e-06
2021-02-12,1.3886458959425038e-06
2021-02-16,1.3886458959425038e-06
2021-02-17,1.3886458959425038e-06
2021-02-18,9.125934702456318e-07
2021-02-19,9.125934702456318e-07
2021-02-22,9.919395195703023e-07
2021-02-23,9.125934702456318e-07
2021-02-24,1.1109556188732194e-06
2021-02-25,1.3093077785257402e-06
2021-02-26,1.3886458959425038e-06
2021-03-01,1.1109556188732194e-06
2021-03-02,1.3886458959425038e-06
2021-03-03,1.3886458959425038e-06
2021-03-04,1.1109556188732194e-06
2021-03-05,1.1109556188732194e-06
2021-03-08,1.3886458959425038e-06
2021-03-09,1.3886458959425038e-06
2021-03-10,1.1902976281526348e-06
2021-03-11,1.1109556188732194e-06
2021-03-12,9.919395195703023e-07
2021-03-15,5.951934435421231e-07
2021-03-16,3.174476348021769e-07
2021-03-17,3.174476348021769e-07
2021-03-18,1.1904583440381864e-07
2021-03-19,1.9840773382592814e-07
2021-03-22,1.9840773382592814e-07
2021-03-23,3.968055480093557e-07
2021-03-24,5.951934435421231e-07
2021-03-25,5.951934435421231e-07
2021-03-26,5.951934435421231e-07
2021-03-29,3.174476348021769e-07
2021-03-30,5.158394976750886e-07
2021-03-31,5.158394976750886e-07
2021-04-01,3.174476348021769e-07
2021-04-05,5.951934435421231e-07
2021-04-06,5.951934435421231e-07
2021-04-07,3.968055480093557e-07
2021-04-08,1.9840773382592814e-07
2021-04-09,1.1904583440381864e-07
2021-04-12,3.968055480093557e-07
2021-04-13,5.951934435421231e-07
2021-04-14,5.951934435421231e-07
2021-04-15,3.968055480093557e-07
2021-04-16,3.174476348021769e-07
2021-04-19,5.951934435421231e-07
2021-04-20,5.951934435421231e-07
2021-04-21,5.158394976750886e-07
2021-04-22,5.951934435421231e-07
2021-04-23,5.951934435421231e-07
2021-04-26,3.174476348021769e-07
2021-04-27,3.968055480093557e-07
2021-04-28,3.174476348021769e-07
2021-04-29,3.174476348021769e-07
2021-04-30,1.1904583440381864e-07
2021-05-03,1.9840773382592814e-07
2021-05-04,3.968055480093557e-07
2021-05-05,3.174476348021769e-07
2021-05-06,3.174476348021769e-07
2021-05-07,3.174476348021769e-07
2021-05-10,1.9840773382592814e-07
2021-05-11,3.968055480093557e-07
2021-05-12,3.968055480093557e-07
2021-05-13,3.174476348021769e-07
2021-05-14,1.9840773382592814e-07
2021-05-17,1.9840773382592814e-07
2021-05-18,3.968055480093557e-07
2021-05-19,1.9840773382592814e-07
2021-05-20,1.1904583440381864e-07
2021-05-21,1.1904583440381864e-07
2021-05-24,1.1904583440381864e-07
2021-05-25,3.968055480093557e-07
2021-05-26,1.9840773382592814e-07
2021-05-27,1.9840773382592814e-07
2021-05-28,3.174476348021769e-07
2021-06-01,3.968055480093557e-07
2021-06-02,5.951934435421231e-07
2021-06-03,5.951934435421231e-07
2021-06-04,5.951934435421231e-07
2021-06-07,7.142214055417789e-07
2021-06-08,7.935714214159216e-07
2021-06-09,7.935714214159216e-07
2021-06-10,7.935714214159216e-07
2021-06-11,7.142214055417789e-07
2021-06-14,5.951934435421231e-07
2021-06-15,7.935714214159216e-07
2021-06-16,1.1109556188732194e-06
2021-06-17,1.1109556188732194e-06
2021-06-18,1.1109556188732194e-06
2021-06-21,1.1902976281526348e-06
2021-06-22,1.507650024091844e-06
2021-06-23,1.5869841761500534e-06
2021-06-24,1.7059825043279785e-06
2021-06-25,1.7059825043279785e-06
2021-06-28,1.5869841761500534e-06
2021-06-29,1.5869841761500534e-06
2021-06-30,1.5869841761500534e-06
2021-07-01,1.5869841761500534e-06
2021-07-02,1.507650024091844e-06
2021-07-06,1.5869841761500534e-06
2021-07-07,1.7059825043279785e-06
2021-07-08,1.7059825043279785e-06
2021-07-09,1.7059825043279785e-06
2021-07-12,1.7059825043279785e-06
2021-07-13,1.785312691421042e-06
2021-07-14,1.785312691421042e-06
2021-07-15,1.507650024091844e-06
2021-07-16,1.507650024091844e-06
2021-07-19,1.5869841761500534e-06
2021-07-20,1.785312691421042e-06
2021-07-21,1.785312691421042e-06
2021-07-22,1.7059825043279785e-06
2021-07-23,1.785312691421042e-06
2021-07-26,1.5869841761500534e-06
2021-07-27,1.785312691421042e-06
2021-07-28,1.785312691421042e-06
2021-07-29,1.5869841761500534e-06
2021-07-30,1.5869841761500534e-06
2021-08-02,1.507650024091844e-06
2021-08-03,1.785312691421042e-06
2021-08-04,1.785312691421042e-06
2021-08-05,1.7059825043279785e-06
2021-08-06,1.7059825043279785e-06
2021-08-09,1.785312691421042e-06
2021-08-10,1.9836311472139092e-06
2021-08-11,1.785312691421042e-06
2021-08-12,1.7059825043279785e-06
2021-08-13,1.785312691421042e-06
2021-08-16,2.3009200330532894e-06
2021-08-17,2.499212870777966e-06
2021-08-18,2.1819396922891777e-06
2021-08-19,1.7059825043279785e-06
2021-08-20,1.7059825043279785e-06
2021-08-23,1.5869841761500534e-06
2021-08-24,1.904304924686736e-06
2021-08-25,1.785312691421042e-06
2021-08-26,1.7059825043279785e-06
2021-08-27,1.7059825043279785e-06
2021-08-30,1.507650024091844e-06
2021-08-31,1.5869841761500534e-06
2021-09-01,1.5869841761500534e-06
2021-09-02,1.5869841761500534e-06
2021-09-03,1.5869841761500534e-06
2021-09-07,1.3886458959425038e-06
2021-09-08,1.5869841761500534e-06
2021-09-09,1.507650024091844e-06
2021-09-10,1.507650024091844e-06
2021-09-13,1.507650024091844e-06
2021-09-14,1.3886458959425038e-06
2021-09-15,1.3886458959425038e-06
2021-09-16,1.1902976281526348e-06
2021-09-17,1.1109556188732194e-06
2021-09-20,9.919395195703023e-07
2021-09-21,7.935714214159216e-07
2021-09-22,9.919395195703023e-07
2021-09-23,9.919395195703023e-07
2021-09-24,9.919395195703023e-07
2021-09-27,9.919395195703023e-07
2021-09-28,1.1902976281526348e-06
2021-09-29,1.1902976281526348e-06
2021-09-30,1.1109556188732194e-06
2021-10-01,1.1109556188732194e-06
2021-10-04,1.1109556188732194e-06
2021-10-05,1.3886458959425038e-06
2021-10-06,1.5869841761500534e-06
2021-10-07,1.5869841761500534e-06
2021-10-08,1.5869841761500534e-06
2021-10-11,1.5869841761500534e-06
2021-10-12,1.5869841761500534e-06
2021-10-13,1.785312691421042e-06
2021-10-14,1.5869841761500534e-06
2021-10-15,1.507650024091844e-06
2021-10-18,1.7059825043279785e-06
2021-10-19,1.9836311472139092e-06
2021-10-20,1.9836311472139092e-06
2021-10-21,1.9836311472139092e-06
2021-10-22,1.9836311472139092e-06
2021-10-25,1.9836311472139092e-06
2021-10-26,1.9836311472139092e-06
2021-10-27,1.9836311472139092e-06
2021-10-28,1.904304924686736e-06
2021-10-29,1.904304924686736e-06
2021-11-01,1.5869841761500534e-06
2021-11-02,1.785312691421042e-06
2021-11-03,1.785312691421042e-06
2021-11-04,1.3886458959425038e-06
2021-11-05,1.5869841761500534e-06
2021-11-08,1.3886458959425038e-06
2021-11-09,1.5869841761500534e-06
2021-11-10,1.785312691421042e-06
2021-11-11,1.5869841761500534e-06
2021-11-12,1.7059825043279785e-06
2021-11-15,1.507650024091844e-06
2021-11-16,1.5869841761500534e-06
2021-11-17,1.785312691421042e-06
2021-11-18,1.785312691421042e-06
2021-11-19,1.785312691421042e-06
2021-11-22,1.5869841761500534e-06
2021-11-23,1.785312691421042e-06
2021-11-24,1.9836311472139092e-06
2021-11-26,1.7059825043279785e-06
2021-11-29,1.507650024091844e-06
2021-11-30,1.904304924686736e-06
2021-12-01,1.9836311472139092e-06
2021-12-02,1.7059825043279785e-06
2021-12-03,1.7059825043279785e-06
2021-12-06,1.7059825043279785e-06
2021-12-07,2.3009200330532894e-06
2021-12-08,2.38023832763735e-06
2021-12-09,2.1026174339316524e-06
2021-12-10,1.9836311472139092e-06
2021-12-13,1.7059825043279785e-06
2021-12-14,1.904304924686736e-06
2021-12-15,1.785312691421042e-06
2021-12-16,1.3886458959425038e-06
2021-12-17,1.1902976281526348e-06
2021-12-20,1.507650024091844e-06
2021-12-21,2.57852705424878e-06
2021-12-22,2.57852705424878e-06
2021-12-23,2.3009200330532894e-06
2021-12-27,1.7059825043279785e-06
2021-12-28,1.9836311472139092e-06
2021-12-29,1.785312691421042e-06
2021-12-30,9.919395195703023e-07
2021-12-31,1.3093077785257402e-06
2022-01-03,2.1026174339316524e-06
2022-01-04,3.1733339392747315e-06
2022-01-05,3.37158318853581e-06
2022-01-06,3.56982253399493e-06
2022-01-07,3.4905278660449837e-06
2022-01-10,3.56982253399493e-06
2022-01-11,4.67977918387787e-06
2022-01-12,4.56087014825058e-06
2022-01-13,4.362680306932732e-06
2022-01-14,4.67977918387787e-06
2022-01-18,5.155379698405725e-06
2022-01-19,6.542223456275976e-06
2022-01-20,6.661072841045279e-06
2022-01-21,6.264893594514222e-06
2022-01-24,6.146031752987827e-06
2022-01-25,7.334487624664482e-06
2022-01-26,7.0572131283752205e-06
2022-01-27,7.334487624664482e-06
2022-01-28,6.8591476327674e-06
2022-01-31,6.8591476327674e-06
2022-02-01,8.047389983900319e-06
2022-02-02,7.334487624664482e-06
2022-02-03,7.651349126081964e-06
2022-02-04,8.839354321896692e-06
2022-02-07,8.047389983900319e-06
2022-02-08,1.0897721140739604e-05
2022-02-09,1.0699847836278057e-05
2022-02-10,1.4655443988593279e-05
2022-02-11,1.3390081881734564e-05
2022-02-14,1.4260062113762624e-05
2022-02-15,1.5841354479780276e-05
2022-02-16,1.4774050633902986e-05
2022-02-17,1.366691424871092e-05
2022-02-18,1.2599025325167404e-05
2022-02-22,1.307367888940057e-05
2022-02-23,1.346917898276648e-05
2022-02-24,1.121429767057258e-05
2022-02-25,1.180781222211591e-05
2022-02-28,1.1412145324772354e-05
2022-03-01,1.240123683859242e-05
2022-03-02,1.2875912881214046e-05
2022-03-03,1.3271433863323725e-05
2022-03-04,1.2084754989159832e-05
2022-03-07,1.2084754989159832e-05
2022-03-08,1.4260062113762624e-05
2022-03-09,1.4655443988593279e-05
2022-03-10,1.4260062113762624e-05
2022-03-11,1.4457757975472998e-05
2022-03-14,1.4971720891331697e-05
2022-03-15,1.7738074639355994e-05
2022-03-16,1.7145446455230142e-05
2022-03-17,1.4260062113762624e-05
2022-03-18,1.5169381302721138e-05
2022-03-21,1.8014603859397287e-05
2022-03-22,2.0581454355364637e-05
2022-03-23,1.9002050099291034e-05
2022-03-24,1.9120528079446152e-05
2022-03-25,2.0581454355364637e-05
2022-03-28,2.0107700374300557e-05
2022-03-29,2.196291892700639e-05
2022-03-30,2.0778835547908457e-05
2022-03-31,1.9515425996300933e-05
2022-04-01,1.97918313930122e-05
2022-04-04,2.1291981647206176e-05
2022-04-05,2.64197916410484e-05
2022-04-06,2.6222690837633597e-05
2022-04-07,2.610442706612474e-05
2022-04-08,2.64197916410484e-05
2022-04-11,2.6892795039945387e-05
2022-04-12,2.91781777927679e-05
2022-04-13,2.9256962000317384e-05
2022-04-14,2.9572078494523755e-05
2022-04-18,2.984778314095144e-05
2022-04-19,3.2918639153443725e-05
2022-04-20,3.142287861060405e-05
2022-04-21,3.161972129936531e-05
2022-04-22,3.083228960505038e-05
2022-04-25,3.154098398764456e-05
2022-04-26,3.2918639153443725e-05
2022-04-27,3.193465023166521e-05
2022-04-28,3.102916393789421e-05
2022-04-29,3.193465023166521e-05
2022-05-02,3.024161503728578e-05
2022-05-03,3.5357880717115645e-05
2022-05-04,3.2918639153443725e-05
2022-05-05,3.173782081809695e-05
2022-05-06,3.22101907868984e-05
2022-05-09,3.161972129936531e-05
2022-05-10,3.468920692355968e-05
2022-05-11,3.488588765888083e-05
2022-05-12,3.575116616686965e-05
2022-05-13,3.7245298780633454e-05
2022-05-16,3.869956996651617e-05
2022-05-17,4.097816505793425e-05
2022-05-18,3.96033078970853e-05
2022-05-19,3.948543989352414e-05
2022-05-20,3.862097300790521e-05
2022-05-23,3.921040171677776e-05
2022-05-24,4.1174534344765886e-05
2022-05-25,4.125307840240153e-05
2022-05-26,4.058539732982845e-05
2022-05-27,4.0467558493835005e-05
2022-05-31,4.0663953049063645e-05
2022-06-01,4.35302128250931e-05
2022-06-02,4.3922689205349344e-05
2022-06-03,4.478599969313635e-05
2022-06-06,4.576680747505769e-05
2022-06-07,4.83157784351855e-05
2022-06-08,4.862938516930031e-05
2022-06-09,4.882537620916094e-05
2022-06-10,5.07847543946808e-05
2022-06-13,5.9003603650039606e-05
2022-06-14,6.857079444129582e-05
2022-06-15,6.66982228775626e-05
2022-06-16,5.841710784159904e-05
2022-06-17,5.947273696150611e-05
2022-06-21,5.8612616075936055e-05
2022-06-22,6.084072846967364e-05
2022-06-23,6.14268662102024e-05
2022-06-24,6.291136671141974e-05
2022-06-27,6.427817352496935e-05
2022-06-28,6.837577622419704e-05
2022-06-29,6.708841463618292e-05
2022-06-30,6.298948171013534e-05
2022-07-01,6.310665365305829e-05
2022-07-05,6.416103616930464e-05
2022-07-06,7.235225630482154e-05
2022-07-07,7.285877687303546e-05
2022-07-08,7.246915211996345e-05
2022-07-11,7.675292179751741e-05
2022-07-12,8.297562065955294e-05
2022-07-13,9.112813566026679e-05
2022-07-14,8.918858148340989e-05
2022-07-15,8.790795529528298e-05
2022-07-18,8.868414115278593e-05
2022-07-19,9.605035381845802e-05
2022-07-20,9.326055551597808e-05
2022-07-21,9.2562794756514e-05
2022-07-22,9.23689567096812e-05
2022-07-25,9.38419198677449e-05
2022-07-26,9.70185693320196e-05
2022-07-27,9.34543500166722e-05
2022-07-28,9.054637356362308e-05
2022-07-29,9.015848169501675e-05
2022-08-01,8.887816852319636e-05
2022-08-02,9.65538586916743e-05
2022-08-03,9.519812094998891e-05
2022-08-04,9.326055551597808e-05
2022-08-05,9.450071006890218e-05
2022-08-08,9.643767021934819e-05
2022-08-09,0.00010069565746183709
2022-08-10,9.934134347908117e-05
2022-08-11,9.759939265250271e-05
2022-08-12,9.798655789829961e-05
2022-08-15,9.84898171751906e-05
2022-08-16,0.00010177878517677999
2022-08-17,0.00010061828581246749
2022-08-18,0.00010050221628533112
2022-08-19,0.00010108252075111244
2022-08-22,0.00010371219691748919
2022-08-23,0.00010583786699757
2022-08-24,0.0001062242293242143
2022-08-25,0.00010688095803867903
2022-08-26,0.00010784654412110421
2022-08-29,0.0001095067957820251
2022-08-30,0.00011240091604128586
2022-08-31,0.00011189941801113255
2022-09-01,0.00011201515465870055
2022-09-02,0.00011035595234128738
2022-09-06,0.00011132069333421832
2022-09-07,0.00011471470634757047
2022-09-08,0.00011537003154317709
2022-09-09,0.00011606378463960061
2022-09-12,0.00011710419151908802
2022-09-13,0.00012318705592309593
2022-09-14,0.0001222251958577655
2022-09-15,0.00012095518861547665
2022-09-16,0.00011999278735286507
2022-09-19,0.00011864504436066605
2022-09-20,0.00012664780650863898
2022-09-21,0.00012461017338907598
2022-09-22,0.0001223021565458832
2022-09-23,0.00012145554357686455
2022-09-26,0.00012364865825133047
2022-09-27,0.00012691684862321735
2022-09-28,0.00012614810584989772
2022-09-29,0.0001256867850261323
2022-09-30,0.0001242255971246428
2022-10-03,0.0001230716446576207
2022-10-04,0.00012941423921159222
2022-10-05,0.00012856914238281957
2022-10-06,0.0001283770552319036
2022-10-07,0.00012856914238281957
2022-10-10,0.0001282617948140196
2022-10-11,0.00013037434936659208
2022-10-12,0.0001377786365257787
2022-10-13,0.00013969459196240677
2022-10-14,0.0001414181658475971
2022-10-17,0.00014371509437887355
2022-10-18,0.0001492605268276524
2022-10-19,0.00015155292178874245
2022-10-20,0.00015143834168297984
2022-10-21,0.0001512473492732422
2022-10-24,0.000152316768357459
2022-10-25,0.00015430205247775168
2022-10-26,0.00015296591370860096
2022-10-27,0.00015296591370860096
2022-10-28,0.0001544928979244651
2022-10-31,0.00015468372509392451
2022-11-01,0.0001575451138280152
2022-11-02,0.0001565915468162213
2022-11-03,0.0001565915468162213
2022-11-04,0.0001561337517914995
2022-11-07,0.000154989042217171
2022-11-08,0.00015907033732225523
2022-11-09,0.00015918469727530012
2022-11-10,0.0001577357851887509
2022-11-11,0.00015804087667771767
2022-11-14,0.00015823152421951363
2022-11-15,0.0001605949748124321
2022-11-16,0.00016040442261474363
2022-11-17,0.00015994706727402697
2022-11-18,0.00016078551786040464
2022-11-21,0.00015937530805076273
2022-11-22,0.00016318551130827105
2022-11-23,0.00016326167262185017
2022-11-25,0.00016230949663227778
2022-11-28,0.00016261421853402033
2022-11-29,0.00016527956019648287
2022-11-30,0.00016527956019648287
2022-12-01,0.00016299508346834208
2022-12-02,0.00016356633957567314
2022-12-05,0.00016166186899085262
2022-12-06,0.00016402325984066573
2022-12-07,0.00016261421853402033
2022-12-08,0.0001613570739466805
2022-12-09,0.00016223329887742838
2022-12-12,0.00016204284350131778
2022-12-13,0.00016508925097233863
2022-12-14,0.00016402325984066573
2022-12-15,0.0001637567218477512
2022-12-16,0.00016185236081804488
2022-12-19,0.00016185236081804488
2022-12-20,0.000164404007722753
2022-12-21,0.0001634520876694846
2022-12-22,0.00016356633957567314
2022-12-23,0.00016299508346834208
2022-12-27,0.00016307126659707437
2022-12-28,0.00016851365714208455
2022-12-29,0.0001668779244544449
2022-12-30,0.00016554601407606004
2023-01-03,0.00016535569948053426
2023-01-04,0.0001708709935473338
2023-01-05,0.00017459423755886638
2023-01-06,0.0001744043564256212
2023-01-09,0.0001740245668994942
2023-01-10,0.00017713770700636584
2023-01-11,0.00017675817900334595
2023-01-12,0.0001737207199724696
2023-01-13,0.00017421446620612032
2023-01-17,0.0001744043564256212
2023-01-18,0.0001758092363638238
2023-01-19,0.00017561941336081773
2023-01-20,0.00017611292342254042
2023-01-23,0.00017599903218578638
2023-01-24,0.00017744129241927225
2023-01-25,0.00017637863279788255
2023-01-26,0.00017630272282032926
2023-01-27,0.00017649249504158348
2023-01-30,0.00017599903218578638
2023-01-31,0.0001773274573968214
2023-02-01,0.00017542958127711862
2023-02-02,0.000175049907969715
2023-02-03,0.0001755434707550915
2023-02-06,0.00017592311494631684
2023-02-07,0.0001773274573968214
2023-02-08,0.0001778966360418175
2023-02-09,0.0001789588892889127
2023-02-10,0.0001797933329046527
2023-02-13,0.000180172552665005
2023-02-14,0.00018074132340488663
2023-02-15,0.00018009671522854832
2023-02-16,0.0001809309015631931
2023-02-17,0.00018149956362692774
2023-02-21,0.00018180283361326986
2023-02-22,0.00018206816228500566
2023-02-23,0.0001818786384513597
2023-02-24,0.00018237137074934132
2023-02-27,0.0001809309015631931
2023-02-28,0.00018263666141107155
2023-03-01,0.00018320507910460682
2023-03-02,0.00018312929960128042
2023-03-03,0.00018293982644199344
2023-03-06,0.00018331876371417967
2023-03-07,0.00018774952797416167
2023-03-08,0.00018918752458428473
2023-03-09,0.00018786308246837393
2023-03-10,0.00018615956820850355
2023-03-13,0.0001806654968375518
2023-03-14,0.00018149956362692774
2023-03-15,0.0001768720484545337
2023-03-16,0.0001758092363638238
2023-03-17,0.00016680183251537552
2023-03-20,0.00017334088312215585
2023-03-21,0.00017865541995975578
2023-03-22,0.00017706181154813184
2023-03-23,0.00017478409149996346
2023-03-24,0.00017478409149996346
2023-03-27,0.00017782075509734964
2023-03-28,0.0001795278339975734
2023-03-29,0.000179603700391398
2023-03-30,0.0001809309015631931
2023-03-31,0.0001778966360418175
2023-04-03,0.0001773274573968214
2023-04-04,0.00018331876371417967
2023-04-05,0.00018244716472765073
2023-04-06,0.00018263666141107155
2023-04-10,0.00018748457891545742
2023-04-11,0.00018907402602584753
2023-04-12,0.00018831723186332855
2023-04-13,0.00018812800625751856
2023-04-14,0.00018994415280544567
2023-04-17,0.00019070063678756943
2023-04-18,0.00019474539541347875
2023-04-19,0.00019342278927787584
2023-04-20,0.00019153261525879008
2023-04-21,0.00019172166056016945
2023-04-24,0.00018880916538831447
2023-04-25,0.00019183510144739116
2023-04-26,0.0001930448337034474
2023-04-27,0.00019361176257711113
2023-04-28,0.00019070063678756943
2023-05-01,0.00018850643040211725
2023-05-02,0.00019512318906064773
2023-05-03,0.0001972004564582675
2023-05-04,0.0001956898211067728
2023-05-05,0.00019663404009203148
2023-05-08,0.0001967473406374393
2023-05-09,0.00019825757354250794
2023-05-10,0.00019606754286572358
2023-05-11,0.00019417861046744085
2023-05-12,0.00019466981795475546
2023-05-15,0.00019361176257711113
2023-05-16,0.0001958031486140958
2023-05-17,0.00019693613768141145
2023-05-18,0.00019833306470246333
2023-05-19,0.00019682286053291593
2023-05-22,0.0001972004564582675
2023-05-23,0.00019938986215560915
2023-05-24,0.00020059729386469417
2023-05-25,0.00019976723190376507
2023-05-26,0.00019795555853791878
2023-05-30,0.00019901247451378966
2023-05-31,0.00020297335474547278
2023-06-01,0.0002012763161581963
2023-06-02,0.0002017289331458088
2023-06-05,0.00019901247451378966
2023-06-06,0.0001995785515155368
2023-06-07,0.00019938986215560915
2023-06-08,0.00019738924995006747
2023-06-09,0.0001972004564582675
2023-06-12,0.0001972004564582675
2023-06-13,0.00019738924995006747
2023-06-14,0.00019663404009203148
2023-06-15,0.0001956898211067728
2023-06-16,0.00019606754286572358
2023-06-20,0.00019644521066612344
2023-06-21,0.00019871053495767608
2023-06-22,0.00019871053495767608
2023-06-23,0.00019882375823449978
2023-06-26,0.00019946534977293473
2023-06-27,0.00020040865294061248
2023-06-28,0.00020003136217968325
2023-06-29,0.00020022002103965562
2023-06-30,0.00019938986215560915
2023-07-03,0.0001990879513141833
2023-07-05,0.000200899089899228
2023-07-06,0.00020165348857648752
2023-07-07,0.00020165348857648752
2023-07-10,0.00020210606254850722
2023-07-11,0.0002027848267422889
2023-07-12,0.0002022946228011296
2023-07-13,0.0002020306431317739
2023-07-14,0.0002017289331458088
2023-07-17,0.00020240774386343053
2023-07-18,0.00020297335474547278
2023-07-19,0.00020286023182673822
2023-07-20,0.0002027848267422889
2023-07-21,0.00020297335474547278
2023-07-24,0.0002030487562476168
2023-07-25,0.00020361425780183602
2023-07-26,0.0002037273592279189
2023-07-27,0.0002037273592279189
2023-07-28,0.00020323727171247359
2023-07-31,0.00020297335474547278
2023-08-01,0.00020342577822215954
2023-08-02,0.00020342577822215954
2023-08-03,0.0002033503659067203
2023-08-04,0.0002031618558145557
2023-08-07,0.00020342577822215954
2023-08-08,0.00020399122605471742
2023-08-09,0.00020417969675308
2023-08-10,0.0002037273592279189
2023-08-11,0.00020361425780183602
2023-08-14,0.00020380274640458625
2023-08-15,0.00020417969675308
2023-08-16,0.00020436814052824957
2023-08-17,0.00020410429876381096
2023-08-18,0.00020410429876381096
2023-08-21,0.00020417969675308
2023-08-22,0.00020474503717549054
2023-08-23,0.00020474503717549054
2023-08-24,0.00020504651794013467
2023-08-25,0.00020549870512919546
2023-08-28,0.00020580012864292047
2023-08-29,0.00020568710424571517
2023-08-30,0.00020549870512919546
2023-08-31,0.00020485808840759267
2023-09-01,0.0002037273592279189
2023-09-05,0.00020410429876381096
2023-09-06,0.00020493347207613363
2023-09-07,0.0002042927640920327
2023-09-08,0.00020466966789810145
2023-09-11,0.00020466966789810145
2023-09-12,0.0002051218800603969
2023-09-13,0.0002051218800603969
2023-09-14,0.00020474503717549054
2023-09-15,0.00020485808840759267
2023-09-18,0.00020493347207613363
2023-09-19,0.00020531029706770585
2023-09-20,0.00020549870512919546
2023-09-21,0.0002051218800603969
2023-09-22,0.0002051218800603969
2023-09-25,0.0002054233501650421
2023-09-26,0.00020587547645266498
2023-09-27,0.00020606385768264548
2023-09-28,0.00020523493852566793
2023-09-29,0.00020493347207613363
2023-10-02,0.00020549870512919546
2023-10-03,0.0002064405933161883
2023-10-04,0.0002062522299702036
2023-10-05,0.00020587547645266498
2023-10-06,0.0002067419452964934
2023-10-09,0.0002067419452964934
2023-10-10,0.00020580012864292047
2023-10-11,0.0002062522299702036
2023-10-12,0.0002062522299702036
2023-10-13,0.00020598851344976656
2023-10-16,0.00020598851344976656
2023-10-17,0.0002064405933161883
2023-10-18,0.00020606385768264548
2023-10-19,0.00020531029706770585
2023-10-20,0.00020493347207613363
2023-10-23,0.00020466966789810145
2023-10-24,0.00020523493852566793
2023-10-25,0.00020549870512919546
2023-10-26,0.00020493347207613363
2023-10-27,0.0002051218800603969
2023-10-30,0.0002054233501650421
2023-10-31,0.00020568710424571517
2023-11-01,0.00020493347207613363
2023-11-02,0.00020380274640458625
2023-11-03,0.0002031618558145557
2023-11-06,0.00020342577822215954
2023-11-07,0.00020391582448433076
2023-11-08,0.0002037273592279189
2023-11-09,0.00020353886704422446
2023-11-10,0.0002030487562476168
2023-11-13,0.00020342577822215954
2023-11-14,0.0002031618558145557
2023-11-15,0.00020323727171247359
2023-11-16,0.0002027848267422889
2023-11-17,0.00020240774386343053
2023-11-20,0.0002025962897818919
2023-11-21,0.00020323727171247359
2023-11-22,0.00020361425780183602
2023-11-24,0.0002031618558145557
2023-11-27,0.0002033503659067203
2023-11-28,0.00020342577822215954
2023-11-29,0.0002026716984489869
2023-11-30,0.0002025962897818919
2023-12-01,0.0002017289331458088
2023-12-04,0.0002020306431317739
2023-12-05,0.0002027848267422889
2023-12-06,0.0002027848267422889
2023-12-07,0.00020240774386343053
2023-12-08,0.00020240774386343053
2023-12-11,0.00020240774386343053
2023-12-12,0.00020297335474547278
2023-12-13,0.0002020306431317739
2023-12-14,0.0002017289331458088
2023-12-15,0.00020210606254850722
2023-12-18,0.00020210606254850722
2023-12-19,0.0002025962897818919
2023-12-20,0.0002022946228011296
2023-12-21,0.0002015403460106524
2023-12-22,0.00020146491584121558
2023-12-26,0.0002012763161581963
2023-12-27,0.0002024831740943256
2023-12-28,0.0002018420703348658
2023-12-29,0.00020040865294061248
2024-01-02,0.00020165348857648752
2024-01-03,0.0002024831740943256
2024-01-04,0.0002022192069680635
2024-01-05,0.00020191749333560687
2024-01-08,0.00020191749333560687
2024-01-09,0.0002022946228011296
2024-01-10,0.00020210606254850722
2024-01-11,0.0002018420703348658
2024-01-12,0.00020108770751115114
2024-01-16,0.0002012763161581963
2024-01-17,0.0002017289331458088
2024-01-18,0.00020116314485098838
2024-01-19,0.00020108770751115114
2024-01-22,0.00020116314485098838
2024-01-23,0.0002015403460106524
2024-01-24,0.0002015403460106524
2024-01-25,0.00020097454881242774
2024-01-26,0.00020116314485098838
2024-01-29,0.00020116314485098838
2024-01-30,0.0002012763161581963
2024-01-31,0.00020071048131042264
2024-02-01,0.00020116314485098838
2024-02-02,0.0002015403460106524
2024-02-05,0.0002022192069680635
2024-02-06,0.0002020306431317739
2024-02-07,0.0002020306431317739
2024-02-08,0.0002018420703348658
2024-02-09,0.00020191749333560687
2024-02-12,0.0002022192069680635
2024-02-13,0.00020240774386343053
2024-02-14,0.0002018420703348658
2024-02-15,0.0002018420703348658
2024-02-16,0.0002020306431317739
2024-02-20,0.00020165348857648752
2024-02-21,0.0002024831740943256
2024-02-22,0.00020240774386343053
2024-02-23,0.0002026716984489869
2024-02-26,0.0002030487562476168
2024-02-27,0.00020286023182673822
2024-02-28,0.0002026716984489869
2024-02-29,0.0002020306431317739
2024-03-01,0.0002017289331458088
2024-03-04,0.0002020306431317739
2024-03-05,0.00020210606254850722
2024-03-06,0.0002022946228011296
2024-03-07,0.0002022192069680635
2024-03-08,0.0002022192069680635
2024-03-11,0.0002026716984489869
2024-03-12,0.0002026716984489869
2024-03-13,0.0002025962897818919
2024-03-14,0.0002025962897818919
2024-03-15,0.0002025962897818919
2024-03-18,0.0002025962897818919
2024-03-19,0.0002025962897818919
2024-03-20,0.0002022192069680635
2024-03-21,0.0002022192069680635
2024-03-22,0.00020191749333560687
2024-03-25,0.0002018420703348658
2024-03-26,0.0002018420703348658
2024-03-27,0.0002017289331458088
2024-03-28,0.0002012763161581963
2024-04-01,0.0002018420703348658
2024-04-02,0.00020165348857648752
2024-04-03,0.0002015403460106524
2024-04-04,0.0002012763161581963
2024-04-05,0.0002017289331458088
2024-04-08,0.0002020306431317739
2024-04-09,0.00020191749333560687
2024-04-10,0.0002027848267422889
2024-04-11,0.0002025962897818919
2024-04-12,0.0002022946228011296
2024-04-15,0.0002025962897818919
2024-04-16,0.00020240774386343053
2024-04-17,0.0002026716984489869
2024-04-18,0.0002027848267422889
2024-04-19,0.00020286023182673822
2024-04-22,0.00020286023182673822
2024-04-23,0.00020286023182673822
2024-04-24,0.00020323727171247359
2024-04-25,0.00020286023182673822
2024-04-26,0.0002025962897818919
2024-04-29,0.0002027848267422889
2024-04-30,0.00020286023182673822
2024-05-01,0.0002030487562476168
2024-05-02,0.0002025962897818919
2024-05-03,0.0002024831740943256
2024-05-06,0.0002026716984489869
2024-05-07,0.0002027848267422889
2024-05-08,0.00020286023182673822
2024-05-09,0.0002026716984489869
2024-05-10,0.0002027848267422889
2024-05-13,0.0002026716984489869
2024-05-14,0.0002024831740943256
2024-05-15,0.0002026716984489869
2024-05-16,0.0002027848267422889
2024-05-17,0.0002026716984489869
2024-05-20,0.0002026716984489869
2024-05-21,0.0002026716984489869
2024-05-22,0.00020286023182673822
2024-05-23,0.00020286023182673822
2024-05-24,0.00020286023182673822
2024-05-28,0.00020297335474547278
2024-05-29,0.0002030487562476168
2024-05-30,0.00020297335474547278
2024-05-31,0.00020286023182673822
2024-06-03,0.0002027848267422889
2024-06-04,0.0002026716984489869
2024-06-05,0.0002026716984489869
2024-06-06,0.00020240774386343053
2024-06-07,0.0002025962897818919
2024-06-10,0.00020240774386343053
2024-06-11,0.00020286023182673822
2024-06-12,0.0002027848267422889
2024-06-13,0.0002026716984489869
2024-06-14,0.0002026716984489869
2024-06-17,0.0002027848267422889
2024-06-18,0.0002024831740943256
2024-06-20,0.00020210606254850722
2024-06-21,0.0002017289331458088
2024-06-24,0.0002015403460106524
2024-06-25,0.0002020306431317739
2024-06-26,0.0002022946228011296
2024-06-27,0.0002020306431317739
2024-06-28,0.00020165348857648752
2024-07-01,0.0002018420703348658
2024-07-02,0.0002022192069680635
2024-07-03,0.0002022946228011296
2024-07-05,0.00020210606254850722
2024-07-08,0.0002018420703348658
2024-07-09,0.00020210606254850722
2024-07-10,0.00020210606254850722
2024-07-11,0.00020108770751115114
2024-07-12,0.00020108770751115114
2024-07-15,0.000200899089899228
2024-07-16,0.000200899089899228
2024-07-17,0.00020097454881242774
2024-07-18,0.000200899089899228
2024-07-19,0.000200899089899228
2024-07-22,0.00020078592582168175
2024-07-23,0.00020014454777712216
2024-07-24,0.00020003136217968325
2024-07-25,0.00019965401754992913
2024-07-26,0.00019946534977293473
2024-07-29,0.0001991634266790239
2024-07-30,0.00019871053495767608
2024-07-31,0.00019871053495767608
2024-08-01,0.00019795555853791878
2024-08-02,0.00019474539541347875
2024-08-05,0.0001958786864804706
2024-08-06,0.00019663404009203148
2024-08-07,0.00019663404009203148
2024-08-08,0.0001967473406374393
2024-08-09,0.00019644521066612344
2024-08-12,0.00019636968358317664
2024-08-13,0.00019561427964512342
2024-08-14,0.00019599200859428116
2024-08-15,0.00019663404009203148
2024-08-16,0.00019644521066612344
2024-08-19,0.00019599200859428116
2024-08-20,0.00019485873187964292
2024-08-21,0.0001938007268776262
2024-08-22,0.00019455647609285492
2024-08-23,0.00019361176257711113
2024-08-26,0.0001935361815458714
2024-08-27,0.00019240220316475118
2024-08-28,0.00019191071488475333
2024-08-29,0.00019228879651546398
2024-08-30,0.00019240220316475118
2024-09-03,0.0001924778057970998
2024-09-04,0.0001916460435203352
2024-09-05,0.00019104101925746775
2024-09-06,0.0001901332918304531
2024-09-09,0.000189641522436565
2024-09-10,0.00018737103163883723
2024-09-11,0.00018888483650507493
2024-09-12,0.00018756029334345253
2024-09-13,0.00018464472315451167
2024-09-16,0.00018396284875178595
2024-09-17,0.00018358399104929045
2024-09-18,0.0001790347484733095
2024-09-19,0.0001782001634017502
2024-09-20,0.00017637863279788255
2024-09-23,0.00017478409149996346
2024-09-24,0.00017448030272596197
2024-09-25,0.0001741764906936999
2024-09-26,0.00017345483256099405
2024-09-27,0.00017398658956971764
2024-09-30,0.00017459423755886638
2024-10-01,0.00017398658956971764
2024-10-02,0.00017364475913334828
2024-10-03,0.00017334088312215585
2024-10-04,0.0001748600486395895
2024-10-07,0.00017561941336081773
2024-10-08,0.0001757332973907901
2024-10-09,0.00017599903218578638
2024-10-10,0.0001758092363638238
2024-10-11,0.00017523974011185767
2024-10-14,0.00017535365314251566
2024-10-15,0.00017523974011185767
2024-10-16,0.00017478409149996346
2024-10-17,0.00017523974011185767
2024-10-18,0.0001751638083447331
2024-10-21,0.00017535365314251566
2024-10-22,0.00017467018022529493
2024-10-23,0.0001748600486395895
2024-10-24,0.0001741764906936999
2024-10-25,0.000175049907969715
2024-10-28,0.00017398658956971764
2024-10-29,0.00017391063381978533
2024-10-30,0.00017326489689803478
2024-10-31,0.00017208713269423935
2024-11-01,0.0001708709935473338
2024-11-04,0.00017155512107504573
2024-11-05,0.00017174512046939005
2024-11-06,0.00017201112245861962
2024-11-07,0.00017163112192444398
2024-11-08,0.00017174512046939005
2024-11-11,0.00017144109894963553
2024-11-12,0.00017174512046939005
2024-11-13,0.0001704908656869824
2024-11-14,0.0001702247617681983
2024-11-15,0.0001706049151188688
2024-11-18,0.00017098501393074704
2024-11-19,0.00017117505874627892
2024-11-20,0.00017125106687499106
2024-11-21,0.0001713650944607546
2024-11-22,0.00017144109894963553
2024-11-25,0.00017106104382339703
2024-11-26,0.0001706809341688196
2024-11-27,0.00017030080622818048
2024-11-29,0.0001698445901251775
2024-12-02,0.00017011071953794928
2024-12-03,0.00016923621434415475
2024-12-04,0.0001687798758253361
2024-12-05,0.00016820938793853725
2024-12-06,0.0001668779244544449
2024-12-09,0.00016680183251537552
2024-12-10,0.00016649741387827542
2024-12-11,0.00016535569948053426
2024-12-12,0.00016413749530338204
2024-12-13,0.00016394711314270198
2024-12-16,0.0001643278683306678
2024-12-17,0.0001647847009237241
2024-12-18,0.00016448014565397014
2024-12-19,0.00016402325984066573
2024-12-20,0.00016383289035598034
2024-12-23,0.00016383289035598034
2024-12-24,0.00016326167262185017
2024-12-26,0.00016383289035598034
2024-12-27,0.00016242376327636757
2024-12-30,0.00016257613184626087
2024-12-31,0.00016356633957567314
2025-01-02,0.00016356633957567314
2025-01-03,0.00016299508346834208
2025-01-06,0.00016288083327458078
2025-01-07,0.00016337593001042243
2025-01-08,0.0001634520876694846
2025-01-10,0.0001637567218477512
2025-01-13,0.00016394711314270198
2025-01-14,0.0001637567218477512
2025-01-15,0.0001634520876694846
2025-01-16,0.00016307126659707437
2025-01-17,0.00016299508346834208
2025-01-21,0.0001631474301033229
2025-01-22,0.00016383289035598034
2025-01-23,0.0001637567218477512
2025-01-24,0.0001634520876694846
2025-01-27,0.00016280466465126407
2025-01-28,0.00016288083327458078
2025-01-29,0.00016280466465126407
2025-01-30,0.00016257613184626087
2025-01-31,0.00016280466465126407
2025-02-03,0.00016288083327458078
2025-02-04,0.0001637567218477512
2025-02-05,0.00016364249358056905
2025-02-06,0.0001637567218477512
2025-02-07,0.0001643278683306678
2025-02-10,0.0001643278683306678
2025-02-11,0.00016421363834823128
2025-02-12,0.0001643278683306678
2025-02-13,0.0001637567218477512
2025-02-14,0.0001637567218477512
2025-02-18,0.0001637567218477512
2025-02-19,0.00016394711314270198
2025-02-20,0.0001634520876694846
2025-02-21,0.0001631474301033229
2025-02-24,0.00016288083327458078
2025-02-25,0.00016257613184626087
2025-02-26,0.00016299508346834208
2025-02-27,0.00016307126659707437
2025-02-28,0.00016299508346834208
2025-03-03,0.00016299508346834208
2025-03-04,0.00016307126659707437
2025-03-05,0.0001634520876694846
2025-03-06,0.0001631474301033229
2025-03-07,0.0001631474301033229
2025-03-10,0.00016269039081290637
2025-03-11,0.00016307126659707437
2025-03-12,0.0001631474301033229
2025-03-13,0.00016280466465126407
2025-03-14,0.00016280466465126407
2025-03-17,0.00016280466465126407
2025-03-18,0.00016307126659707437
2025-03-19,0.00016288083327458078
2025-03-20,0.00016257613184626087
2025-03-21,0.00016269039081290637
2025-03-24,0.00016257613184626087
2025-03-25,0.00016257613184626087
2025-03-26,0.00016288083327458078
2025-03-27,0.00016280466465126407
2025-03-28,0.00016280466465126407
2025-03-31,0.00016299508346834208
2025-04-01,0.00016326167262185017
2025-04-02,0.00016337593001042243
2025-04-03,0.00016269039081290637
2025-04-04,0.00016154758040544664
2025-04-07,0.0001613570739466805
2025-04-08,0.00016242376327636757
2025-04-09,0.0001643278683306678
2025-04-10,0.0001631474301033229
2025-04-11,0.0001637567218477512
2025-04-14,0.00016307126659707437
2025-04-15,0.00016326167262185017
2025-04-16,0.00016356633957567314
2025-04-17,0.0001634520876694846
2025-04-21,0.00016364249358056905
2025-04-22,0.0001637567218477512
2025-04-23,0.00016356633957567314
2025-04-24,0.0001631474301033229
2025-04-25,0.00016299508346834208
2025-04-28,0.00016299508346834208
2025-04-29,0.00016288083327458078
2025-04-30,0.00016288083327458078
2025-05-01,0.00016269039081290637
2025-05-02,0.00016356633957567314
2025-05-05,0.00016356633957567314
2025-05-06,0.00016364249358056905
2025-05-07,0.00016383289035598034
2025-05-08,0.00016383289035598034
2025-05-09,0.00016383289035598034
2025-05-12,0.00016630716305230455
2025-05-13,0.00016649741387827542
2025-05-14,0.00016649741387827542
2025-05-15,0.00016546987844354125
2025-05-16,0.00016467050224405088
2025-05-19,0.0001647847009237241
2025-05-20,0.00016508925097233863
2025-05-21,0.00016459436796510717
2025-05-22,0.00016448014565397014
2025-05-23,0.000164404007722753
2025-05-27,0.00016337593001042243
2025-05-28,0.00016421363834823128
2025-05-29,0.000164404007722753
2025-05-30,0.00016448014565397014
2025-06-02,0.00016448014565397014
2025-06-03,0.00016459436796510717
2025-06-04,0.0001647847009237241
2025-06-05,0.00016448014565397014
2025-06-06,0.00016448014565397014
2025-06-09,0.0001647847009237241
2025-06-10,0.0001651653757572201
2025-06-11,0.0001651653757572201
2025-06-12,0.00016546987844354125
2025-06-13,0.0001647847009237241
2025-06-16,0.00016508925097233863
2025-06-17,0.00016394711314270198
2025-06-18,0.00016413749530338204
2025-06-20,0.00016307126659707437
2025-06-23,0.00016166186899085262
2025-06-24,0.00016257613184626087
2025-06-25,0.00016280466465126407
2025-06-26,0.00016299508346834208
2025-06-27,0.0001631474301033229
2025-06-30,0.00016288083327458078
2025-07-01,0.00016421363834823128
2025-07-02,0.00016413749530338204
2025-07-03,0.0001647847009237241
2025-07-07,0.00016497504290524195
2025-07-08,0.0001651653757572201
2025-07-09,0.00016497504290524195
2025-07-10,0.0001647847009237241
2025-07-11,0.00016467050224405088
2025-07-14,0.0001643278683306678
2025-07-15,0.00016448014565397014
2025-07-16,0.00016421363834823128
2025-07-17,0.00016459436796510717
2025-07-18,0.000164404007722753
2025-07-21,0.00016413749530338204
2025-07-22,0.000164404007722753
2025-07-23,0.0001647847009237241
2025-07-24,0.00016497504290524195
2025-07-25,0.00016497504290524195
2025-07-28,0.00016459436796510717
2025-07-29,0.000164404007722753
2025-07-30,0.00016448014565397014
2025-07-31,0.00016459436796510717
2025-08-01,0.00016257613184626087
2025-08-04,0.00016147136801886305
2025-08-05,0.0001613570739466805
2025-08-06,0.0001607092908364665
2025-08-07,0.0001608998283955547
2025-08-08,0.0001607092908364665
2025-08-11,0.0001610903568063327
2025-08-12,0.0001605949748124321
2025-08-13,0.00015983272928970672
2025-08-14,0.0001599089549786346
2025-08-15,0.0001599089549786346
2025-08-18,0.0001603282064426882
2025-08-19,0.00015983272928970672
2025-08-20,0.00016002329076670373
2025-08-21,0.0001605187441281895
2025-08-22,0.00015899407734361592
2025-08-25,0.00015918469727530012
2025-08-26,0.00015899407734361592
2025-08-27,0.00015792646557216905
2025-08-28,0.0001583840538402674
2025-08-29,0.00015727814034373884
2025-09-02,0.0001568585664951109
2025-09-03,0.00015632450916864635
2025-09-04,0.0001555614337320039
2025-09-05,0.0001522022012002932
2025-09-08,0.00015288954543017465
2025-09-09,0.00015346224894243743
2025-09-10,0.00015296591370860096
2025-09-11,0.00015288954543017465
2025-09-12,0.00015288954543017465
2025-09-15,0.00015182028982129939
2025-09-16,0.00015143834168297984
2025-09-17,0.00015059792270748044
2025-09-18,0.00015105635677825762
2025-09-19,0.00015097995174158103
2025-09-22,0.00014983375428625828
2025-09-23,0.00014971911541871444
2025-09-24,0.00015021585689140067
2025-09-25,0.00015117094791389528
2025-09-26,0.0001502922675318565
2025-09-29,0.00015040688984304683
2025-09-30,0.00014971911541871444
2025-10-01,0.00014971911541871444
2025-10-02,0.00014983375428625828
2025-10-03,0.00015021585689140067
2025-10-06,0.0001502922675318565
2025-10-07,0.00014964268463011344
2025-10-08,0.00014964268463011344
2025-10-09,0.00015002480563288274
2025-10-10,0.00015002480563288274
2025-10-13,0.00015002480563288274
2025-10-14,0.00015002480563288274
2025-10-15,0.00015021585689140067
2025-10-16,0.00015002480563288274
2025-10-17,0.00014922231175671651
2025-10-20,0.0001479226891765423
2025-10-21,0.00014742566054681534
2025-10-22,0.0001475403656881567
2025-10-23,0.0001475403656881567
2025-10-24,0.00014658439122335715
2025-10-27,0.00014486306026610164
2025-10-28,0.000144939583167513
2025-10-29,0.00014532215729968882
2025-10-30,0.00014635492234967837
2025-10-31,0.00014486306026610164
2025-11-03,0.00014734918557179888
2025-11-04,0.00014773152747908836
2025-11-05,0.0001475403656881567
2025-11-06,0.00014658439122335715
2025-11-07,0.00014635492234967837
2025-11-10,0.00014734918557179888
2025-11-11,0.00014734918557179888
2025-11-12,0.0001471580053610669
2025-11-13,0.00014773152747908836
2025-11-14,0.0001475403656881567
2025-11-17,0.00014692856965585046
2025-11-18,0.00014692856965585046
2025-11-19,0.00014692856965585046
2025-11-20,0.0001470432891666421
2025-11-21,0.00014570469455195254
2025-11-24,0.00014532215729968882
2025-11-25,0.00014539867134857548
2025-11-26,0.00014620193876800107
2025-11-28,0.00014405952175317925
2025-12-01,0.00014390644965222766
2025-12-02,0.00014310270826467083
2025-12-03,0.000141686208447437
2025-12-04,0.0001408054251384132
2025-12-05,0.0001404607151944093
2025-12-08,0.0001410352151333806
2025-12-09,0.0001415713339602762
2025-12-10,0.00014007767206716942
2025-12-11,0.00013911990702434514
2025-12-12,0.00013747200144738702
2025-12-15,0.0001379702782715205
2025-12-16,0.00013823855385823976
2025-12-17,0.00013816190162529695
2025-12-18,0.00013735700489923017
2025-12-19,0.00013735700489923017
